Title,Singer,Lyrics,Image,Genre,Mood
비행기,거북이,"Yes Turtles Forth album
New mind New song
철없을 적 내 기억속에
비행기 타고가요
Yeah Let's go
파란 하늘위로 훨훨 날아가겠죠
어려서 꿈꾸었던 비행기 타고
기다리는 동안 아무말도 못해요
내 생각 말할순 없어요
모든 준비 다 끝났어
곱게 차려 입고 나선
바깥 풍경마저 들뜬 기분
때가 왔어 하늘위로
날으는 순간이야
조금은 두려워도
애써 내색 할 순 없어
이번이 처음이지만
전에 자주 비행했었잖아
친구들과 말썽장이
거북이 비행기로 올라타
준비됐나
수많은 사람들 속을 지나쳐
마지막 게이트야
나도 모르게 안절부절하고 있어
이럴 땐 침착해 좀 자연스럽게
파란 하늘위로 훨훨 날아가겠죠
어려서 꿈꾸었던 비행기 타고
기다리는 동안 아무말도 못해요
내 생각 말할순 없어요
Yes Remember
비행기를 타고 가던 너
따라가고 싶어 울었던
철없을 적 내 기억속에
비행기 타고가요
Yes Fly 다들 아무 일도 없는 듯
하늘을 나르는데 아무걱정 없는 듯
왠지 철닥서니 없었나 문득
이런 내 모습 촌스러 입 다문듯
쳐다보지 말아요
다들 처음 탈 때 이러지 않았나요
딴 데 봐요
신경 쓰지 마요
나 혼자 이런게 나 좋아요
어떤 느낌일까 정말
새들처럼 나는 기분
세상 모든 것이 점처럼
보 여 지겠지
개구쟁이 거북이
비행기로 드디어 출발한다
수많은 사람들 속을 지나쳐
마지막 게이트야
나도 모르게 안절부절하고 있어
이럴 땐 침착해 좀 자연스럽게
파란 하늘위로 훨훨 날아가겠죠
어려서 꿈꾸었던 비행기 타고
기다리는 동안 아무말도 못해요
내 생각 말할순 없어요
파란 하늘위로 훨훨 날아가겠죠
어려서 꿈꾸었던 비행기 타고
기다리는 동안 아무말도 못해요
내 생각 말할순 없어요 Yes Remember
비행기를 타고 가던 너
따라가고 싶어 울었던
철없을 적 내 기억속에
비행기 타고가요",https://cdnimg.melon.co.kr/cm/album/images/003/22/845/322845_500.jpg/melon/resize/120/quality/80/optimize,Dance,Happy
미리 메리 크리스마스 (Feat. 천둥 Of MBLAQ),아이유,"하얀 눈이 내려올 때면
온 세상이 물들을 때면
눈꽃이 피어나 또 빛이 나
눈이 부신 너처럼
Yeah girl
you should know that
That my heartbeats like
Huh Huh Huh Huh
From the bottom of my heart
I thank god I found you
쿵쿵 가슴이 왜 이렇게 가쁘니 yeah
꾹꾹 참아도
자꾸 네 생각이 나잖아 oh
You You I love you
and I know you love me too
네가 내게 불러 준
You're my boo
You 아직 꿈만 같아
And you 마치 선물 같아
For you 네 품에 안겨도
늘 불안불안 해 꿈처럼 깰까 봐
You 꼭 안아 줘야만 해
And you 아껴 줘야만 해
For you 큰 맘 먹고 네 꺼 돼준 걸
하늘에게 감사해
하얀 눈이 내려올 때면
온 세상이 물들을 때면
눈꽃이 피어나 또 빛이 나
눈이 부신 너처럼
사랑할 수 밖에 없어서
사랑한 네 손 잡고서
첫 눈 위를 걸어 발자국을 새겨
이 길 끝까지 걸어 갈 거야
With you
You 혹시 알고 있니
And you 느낄 수가 있니
For you 늘 자랑하고픈
네 여자친구가 되고만 싶은 걸
You 전부 다 주고 싶어
And you 잘 해주고 싶어
For you 다음 그 다음 해 겨울도
너의 곁에 있을게
하얀 눈이 내려올 때면
온 세상이 물들을 때면
눈꽃이 피어나 또 빛이 나
눈이 부신 너처럼
사랑할 수 밖에 없어서
사랑한 네 손 잡고서
첫 눈 위를 걸어 발자국을 새겨
이 길 끝까지 걸어 갈 거야
With you
매일 매일 너 때문에 행복해
다른 누구 아닌 나를
모두 가질 너만이 My love
나도 믿기지 않아
지금 네가 내 옆에
이렇게 손 꼭 잡은 채 걷는다는 게
하얀 눈보다 더 뽀얀 네 볼에
키스해줄게 Baby
빨갛게 물들게 Baby
다가오는 크리스마스에는
기다리는 그 날만큼은
네 곁에 있을래
하루 종일 미리 미리 약속해
사랑할 수 밖에 없어서
사랑한 네 손 잡고서
첫 눈 위를 걸어 발자국을 새겨
이 길 끝까지 걸어 갈 거야
With you
Girl you know
I can't even think without you
in my life
Yeah Yeah I know that you know
That's my baby",https://cdnimg.melon.co.kr/cm/album/images/010/93/562/1093562_500.jpg/melon/resize/120/quality/80/optimize,Dance,Happy
I Don't Care,2NE1,"hey playboy
it's about time and your time's up
I had to do this one for my girls
you know
sometime you gotta act like
you don't care
that's the only way you boys learn
Oh oh oh oh oh oh 2ne1
Oh oh oh oh oh oh 2ne1
니 옷깃에 묻은 립스틱들
나는 절대로 용서못해
매일 하루에 수십번 꺼져있는 핸드폰
변하지 않을 것만 같아 oh oh
그저 친구라는 수많은 여자친구
날 똑같이 생각하지 마
I won't let it fight
이제 니 맘대로 해 난 미련은 버릴래
한땐 정말 사랑했는데 oh oh
가끔씩 술에 취해 전활 걸어
지금은 새벽 다섯시 반
넌 또 다른 여자애 이름을 불러
no no
I don't care 그만할래
니가 어디에서 뭘 하던
이제 정말 상관 안할게 비켜줄래
이제와 울고불고 매달리지마
cause I don't care e e e e e
I don't care e e e e e
cause I don't care e e e e e
I don't care e e e e e
Boy I don't care
다른 여자들의 다리를 훔쳐보는
니가 너무너무 한심해
매일 빼놓는 커플링
나 몰래 한 소개팅
더 이상 못 참을 것 같아 oh oh
넌 절대 아니라는 수많은 나의 친구
난 너 땜에 친구들까지 다 잃었지만
차라리 홀가분해 너에게 난 과분해
내 사랑이라 믿었는데 oh oh
오늘도 바쁘다고 말하는 너
혹시나 전화해봤지만
역시 뒤에선 여자 웃음소리가 들려
oh no
I don't care 그만할래
니가 어디에서 뭘 하던
이제 정말 상관 안할게 비켜줄래
이제와 울고불고 매달리지마
cause I don't care e e e e e
I don't care e e e e e
cause I don't care e e e e e
I don't care e e e e e
Boy I don't care
난 너 땜에 울며 지새던
밤을 기억해 boy
더 후회할 날 생각하면
맘이 시원해 boy
날 놓치긴 아깝고 갖기엔 시시하잖니
있을 때 잘하지
너 왜 이제와 매달리니
속아준 거짓말만 해도 수백번
오늘 이후로 난 남자 울리는 bad girl
이젠 눈물 한방울 없이 널 비웃어
사랑이란 게임 속 loser
무릎꿇고 잘못을 뉘우쳐
아님 눈 앞에서 당장 꺼져
I don't care 그만할래
니가 어디에서 뭘 하던
이제 정말 상관 안할게 비켜줄래
이제와 울고불고 매달리지마
you know I don't care e e e e e e
I don't care e e e e e
I don't care e e e e e
I don't care e e e e e
Boy I don't care",https://cdnimg.melon.co.kr/cm/album/images/005/98/055/598055_500.jpg/melon/resize/120/quality/80/optimize,Dance,Happy
좋은 날,아이유,"어쩜 이렇게 하늘은 더 파란 건지
오늘따라 왜 바람은 또 완벽한지
그냥 모르는 척 하나 못들은 척
지워버린 척 딴 얘길 시작할까
아무 말 못하게 입맞출까
눈물이 차올라서 고갤 들어
흐르지 못하게 또 살짝 웃어
내게 왜 이러는지 무슨 말을 하는지
오늘 했던 모든 말 저 하늘 위로
한번도 못했던 말
울면서 할 줄은 나 몰랐던 말
나는요 오빠가 좋은걸 어떡해

새로 바뀐 내 머리가 별로였는지
입고 나왔던 옷이 실수였던 건지
아직 모르는 척 기억 안 나는 척
아무 일없던 것처럼 굴어볼까
그냥 나가자고 얘기할까
눈물이 차올라서 고갤 들어
흐르지 못하게 또 살짝 웃어
내게 왜 이러는지 무슨 말을 하는지
오늘 했던 모든 말 저 하늘 위로
한번도 못했던 말
울면서 할 줄은 나 몰랐던 말
나는요 오빠가 좋은걸
어떡해

이런 나를 보고
그런 슬픈 말은 하지 말아요
철없는 건지 조금 둔한 건지
믿을 수가 없는걸요
눈물은 나오는데 활짝 웃어
네 앞을 막고서 막 크게 웃어
내가 왜 이러는지 부끄럼도 없는지
자존심은 곱게 접어 하늘위로
한 번도 못했던 말
어쩌면 다신 못할 바로 그 말
나는요 오빠가 좋은걸
아이쿠 하나 둘
I'm in my dream
It's too beautiful beautiful day
Make it a good day
Just don't make me cry
이렇게 좋은 날",https://cdnimg.melon.co.kr/cm/album/images/010/93/562/1093562_500.jpg/melon/resize/120/quality/80/optimize,Dance,Happy
너랑 나,아이유,"시곌 보며 속삭이는 비밀들
간절한 내 맘속 이야기
지금 내 모습을 해쳐도 좋아
나를 재촉하면 할수록 좋아
내 이름 불러줘
손 틈새로 비치는 내 맘
들킬까 두려워
가슴이 막 벅차 서러워
조금만 꼭 참고 날 기다려줘
너랑 나랑은 지금 안되지
시계를 더 보채고 싶지만
네가 있던 미래에서
내 이름을 불러줘
내가 먼저 엿보고 온 시간들
너와 내가 함께였었지
나랑 놀아주는 그대가 좋아
내가 물어보면 그대도 좋아
내 이름이 뭐야
손 틈새로 비치는 내 맘
들킬까 두려워
가슴이 막 벅차 서러워
조금만 꼭 참고 날 기다려줘
너랑 나랑은 지금 안되지
시계를 더 보채고 싶지만
네가 있던 미래에서
내 이름을 불러줘
눈 깜박하면 어른이 될 거에요
날 알아보겠죠 그댄 기억하겠죠
그래 기묘했던 아이
손 틈새로 비치는 네 모습 참 좋다
손끝으로 돌리며
시곗바늘아 달려봐
조금만 더 빨리 날아봐
두 눈을 꼭 감고 마법을 건다
너랑 나랑은 조금 남았지
몇 날 몇실진 모르겠지만
네가 있을 미래에서
혹시 내가 헤맨다면
너를 알아볼 수 있게
내 이름을 불러줘",https://cdnimg.melon.co.kr/cm/album/images/020/40/666/2040666_500.jpg/melon/resize/120/quality/80/optimize,Dance,Happy
하루 끝,아이유,"Monday Better day
처음처럼 설레이는 그런 날
Sunday Better day
종일 너만 생각하는 그런 날
욕심이 나
우리 사이 요만큼만 더 가까이
딱 한 발짝 그만큼 더 가까이
혼잣말이 속삭임이
너도 궁금할 순 있잖아
네가 좋아서 그래
나 차가운 척 표정 짓고 있지만
내 마음은 그게 아닌데 거짓말인데
바보 같은 네가 난 답답해
너무 좋아서 그래
나 시무룩한 얼굴하고 있지만
또 기다리다 고민만 하다
흘러가는 하루 끝에서 하는 말
내가 널 사랑해
One day Holiday
혼자 있긴 너무너무 싫은 날
One day Cloudy day
울 것처럼 하늘도 찌푸린 날
눈물이 와 서글픈 내 맘을 닮은
눈물이 와
꾹 참았다 쏟아지는 내 맘이
온 하늘에 온 세상에
그저 슬픈 건 아닐 거야
네가 좋아서 그래
나 차가운 척 표정 짓고 있지만
내 마음은 그게 아닌데 거짓말인데
바보 같은 네가 난 답답해
너무 좋아서 그래
나 시무룩한 얼굴하고 있지만
또 기다리다 고민만 하다
흘러가는 하루 끝에서 하는 말
내가 널 사랑해
내 입술엔 거짓말
내 눈 속엔 정말 하고픈 말
맘속에 숨어 있는 말
많이 좋아서 그래
뒤돌아서 느려진 발걸음을 봐
널 기다리는 맘인 거잖아
날 지켜본 너라면 알잖아
내가 몰라서 그래
네 마음이 들리게 내게 말해줘
손 내밀면 될 것 같은데
망설이는 이유가 나와 같다면
이제 다가와 줘",https://cdnimg.melon.co.kr/cm/album/images/021/21/646/2121646_500.jpg/melon/resize/120/quality/80/optimize,Dance,Happy
스물셋,아이유,"I'm twenty three
난 수수께끼 Question
뭐게요 맞혀봐요
I'm twenty three
틀리지 말기 Because
난 몹시 예민해요
맞혀봐
한 떨기 스물셋 좀
아가씨 태가 나네
다 큰 척해도 적당히 믿어줘요
얄미운 스물셋
아직 한참 멀었다 얘
덜 자란 척해도
대충 속아줘요
난 그래 확실히 지금이 좋아요
아냐 아냐
사실은 때려 치고 싶어요
아 알겠어요
나는 사랑이 하고 싶어
아니 돈이나 많이 벌래
맞혀봐
어느 쪽이게
얼굴만 보면 몰라
속마음과 다른 표정을 짓는 일
아주 간단하거든
어느 쪽이게
사실은 나도 몰라
애초에 나는 단 한 줄의
거짓말도 쓴 적이 없거든
여우인 척 하는 곰인 척
하는 여우 아니면
아예 다른 거
어느 쪽이게
뭐든 한 쪽을 골라
색안경 안에 비춰지는 거
뭐 이제 익숙하거든
Check it out
겁나는 게 없어요
엉망으로 굴어도
사람들은 내게 매일 친절해요
인사하는 저 여자
모퉁이를 돌고도
아직 웃고 있을까
늘 불안해요
난 영원히 아이로 남고 싶어요
아니 아니
물기 있는 여자가 될래요
아 정했어요
난 죽은 듯이 살래요
아냐 다 뒤집어 볼래
맞혀봐
어느 쪽이게
얼굴만 보면 몰라
속마음과 다른 표정을 짓는 일
아주 간단하거든
어느 쪽이게
사실은 나도 몰라
애초에 나는 단 한 줄의
거짓말도 쓴 적이 없거든
여우인 척 하는 곰인 척
하는 여우 아니면
아예 다른 거
어느 쪽이게
뭐든 한 쪽을 골라
색안경 안에 비춰지는 거
뭐 이제 익숙하거든
난 당신 맘에 들고 싶어요
아주 살짝만
얄밉게 해도 돼요
난 당신 맘에 들고 싶어요
자기 머리 꼭대기 위에서
놀아도 돼요
맞혀봐
어느 쪽이게
얼굴만 보면 몰라
속마음과 다른 표정을 짓는 일
아주 간단하거든
어느 쪽이게
사실은 나도 몰라
애초에 나는 단 한 줄의
거짓말도 쓴 적이 없거든
여우인 척 하는 곰인 척
하는 여우 아니면
아예 다른 거
어느 쪽이게
뭐든 한 쪽을 골라
색안경 안에 비춰지는 거
뭐 이제 익숙하거든",https://cdnimg.melon.co.kr/cm/album/images/026/46/282/2646282_500.jpg/melon/resize/120/quality/80/optimize,Dance,Happy
붉은 노을,BIGBANG (빅뱅),"붉은 노을 - 빅뱅
난 너를 사랑해
Let's go
Yes sir
We're back again with 이문세
That's right
Fresh collaboration 2008
It's bigbang
ye ye bust it
그댄 아시나요 있잖아요
지금 그대가 너무 그리워요
고개 숙여 눈물 훔쳐요
당신의 이름을 불러요
꼭 이렇게 날 남겨두고
떠나가야만 했는지
너만 생각하면 머리 아퍼
독하디 독한 술 같어
술 뿐이겠어 병이지
매일 앓아누워 몇 번인지
내일이면 또 잠깐 잊었다가 또
모레쯤이면 생각나겠지만
그래도 어떡해
아직 내 사랑 유효한데
돌아올 거라고 믿는데
난 너만 기다리는데
난 너를 사랑해
Oh I love you girl
이 세상은 너 뿐이야
소리쳐 부르지만
저 대답 없는 노을만 붉게 타는데
혹시 그대가 미안해한다면
내 얼굴 보기 두렵다면
Girl 그런 걱정 하덜덜덜 마
너라면 힘이 펄펄펄 나
보고 싶은 그대 얼굴
저 붉은 노을을 닮아
더 슬퍼지는 걸
Oh baby baby
다 지나간 시간
우리가 함께한 추억
잊진 말아줘요 눈을 감아
소리 없이 날 불러준다면
언제라도 달려 갈께요
Everyday everynight
I need you
난 너를 사랑해
Oh I love you girl
이 세상은 너 뿐이야
소리쳐 부르지만
저 대답 없는 노을만 붉게 타는데
아름다웠던 그대 모습을
이젠 볼 순 없겠지만
후횐 없어 그저 바라볼 수 있게
붉게 타주오
Ah Ah Ah Ah Ah Ah Ah Ah
Let's go
Ah Ah Ah Ah Ah Ah Ah Ah
해가 뜨고 해가 지네
노을 빛에 슬퍼지네
달이 뜨고 달이 지네
세월 속에 나 또한 무뎌지네
해가 뜨고 해가 지네
노을 빛에 슬퍼지네
달이 뜨고 달이 지네
그대 기억 또한 무뎌지네
난 너를 사랑해
Oh I love you girl
이 세상은 너 뿐이야
소리쳐 부르지만
저 대답 없는 노을만 붉게 타는데
난 너를 사랑해
I love you girl
이 세상은 너 뿐이야
소리쳐 부르지만
저 대답 없는 노을만 붉게 타는데
Once again
Ah Ah Ah Ah Ah Ah Ah Ah
Let's go
Ah Ah Ah Ah Ah Ah Ah Ah
big bang",https://cdnimg.melon.co.kr/cm/album/images/004/05/351/405351_500.jpg/melon/resize/120/quality/80/optimize,Dance,Happy
SHAKE IT,씨스타,"너만을 유혹하는 춤
우우우 우우우우
심장에 매력 발산 중
우우우 우우우우
손끝만 스쳐도 막 쿵쿵쿵쿵 Oh
내 맘이 흔들려
Shake it shake it for me
Shake it shake it for me
나나나 나나나 나나나
Hey
나나나 나나나 나나나
짜릿한 이 느낌
날 춤을 추게 해
지금 이 순간
Shake it
Bae bae baby
Love me love me love me now
흔들리는 내 맘 모르겠니
So let's dance
Just shake it let's dance
좀 더 핫하게 완전 와일드하게
Make it louder 우우우
더 크게 make it louder 우우우
날 자꾸 흔들어 흔들어
놀라게 흔들어
Shake it oh shake it
밤새 나와 Shake it baby
아주 fun하고 smart하게
흔들흔들어
온몸이 찌릿찌릿 우리 둘이
흔들흔들어
심하게 통하니 여기 불났으니
When I Move
움직여 자리 잡았으니
Shake it shake it for me
Shake it shake it for me
나나나 나나나 나나나
Hey
나나나 나나나 나나나
짜릿한 이 느낌
날 춤을 추게 해
지금 이 순간
Shake it
Bae bae baby
Love me love me love me now
흔들리는 내 맘 모르겠니
So let's dance
Just shake it let's dance
좀 더 핫하게 완전 와일드하게
Make it louder 우우우
더 크게 make it louder 우우우
날 자꾸 흔들어 흔들어
놀라게 흔들어
Shake it oh shake it
밤새 나와 Shake it baby
Shake it oh shake it
Shake it up shake it for me
Shake it oh shake it
Shake it up shake it for me
Shake it oh shake it
Shake it up shake it for me
Shake it oh shake it
Shake it up shake it for me
Shake it for me my baby
Shake it for me my baby
그렇게 모두 모여 dance
Just shake it let's dance
좀 더 핫하게 완전 와일드하게
Make it louder 우우우
더 크게 make it louder 우우우
날 자꾸 흔들어 흔들어
놀라게 흔들어
Shake it oh shake it
밤새 나와 Shake it baby",https://cdnimg.melon.co.kr/cm/album/images/023/25/345/2325345_500.jpg/melon/resize/120/quality/80/optimize,Dance,Happy
8282,다비치,"8282 - 다비치
만나지 말잔 내 말
연락도 말란 내말
너 진짜 그대로 할거니
그게 아닌데
이대로 끝일까봐
널 영영 잃을까봐
점점 더 맘이 불안해져
너무 슬퍼져
정이 뭔지 밉다가도 그리워
너없인 못살아
Gimme a call Baby Baby
지금 바로 전화줘
Gimme a call Baby Baby
매일 널 기다려
사랑한다고 사랑한다고
문자라도 남겨줘
날 울리지마
- 연주중 -
어디서 뭘 하길래
얼마나 바쁘길래
혹시 너 일부러 안받니
난 줄 알면서
벌써 날 잊은거니
마음을 접은거니
날 두고 니가 설마 설마
자꾸 눈물나
정이 뭔지 사랑보다 무서워
지우기 힘들어
Gimme a call Baby Baby
지금 바로 전화줘
Gimme a call Baby Baby
매일 널 기다려
사랑한다고 사랑한다고
문자라도 남겨줘
날 울리지마
Call me Tell me hold me
아니라고
Call me Tell me hold me
가면안돼
Gimme a call Baby Baby
다시 나를 찾아줘
Gimme a call Baby Baby
할말이 있는 걸
너를 사랑해 너무 사랑해
너를 향해 소리쳐
널 기다릴게
Call me Tell me hold me
아니라고
Call me Tell me hold me
돌아와줘",https://cdnimg.melon.co.kr/cm/album/images/005/08/460/508460_500.jpg/melon/resize/120/quality/80/optimize,Dance,Happy
T.T.L (Time To Love),티아라,"Can't stop we won't stop
Can't stop we won't stop
ye U know we don't stop
I just want you back
좋은 사람 너는 내게 첫사랑
사랑을 가르쳐준 사람
Never forget you
I remember you
기억해 너 하나만
Uh 혹시나 너를 볼까
니가 사준 옷을 입고
니가 좋아하던
짧은 머리를 하고
너와 함께 걷던
그 길을 지나가기 위해서
굳이 먼길을 돌았어
혹시 니가 있을까봐
전화번호도 아직 그대로
혹시 나를 찾아올까봐
집도 그대로
내 미니홈피 속엔 너와
듣던 노래뿐
혹시 니가 볼까봐
다시 돌아올까봐
우리는 아직 잊지 못했는데
우리는 아직 서롤 원하는데
우린 아직 사랑하는데 엇갈려
사실은 보고 싶은데
미치도록 너를 보고 싶은데
한없이 널 기다려
결국 너를 기다려
혹시하고 멈춰서
제자리를 맴도네
좋은 사람 너는 내게 첫사랑
사랑을 가르쳐준 사람
Never forget you I remember you
기억해 너 하나만
혹시나 너를 볼까봐
보게되면 흔들릴까봐
내 맘이 약해 질까봐
말라비튼 날 보일까봐
너와 함께 걷던
그 길을 피하기 위해서
굳이 먼길을 돌았어
혹시 니가 있을까봐
전화번호도 이미 바꿨어
혹시 니 생각이 날까 집도 옮겼어
하지만 입에선 아직 못한 말이 새
혹시 너를 볼까봐
다시 돌아올까봐
우리는 아직 잊지 못했는데
우리는 아직 서롤 원하는데
우린 아직 사랑하는데
엇갈려
사실은 보고 싶은데
미치도록 너를 보고 싶은데
한없이 널 기다려
결국 너를 기다려
혹시하고 멈춰서
제자리를 맴도네
좋은 사람 너는 내게 첫사랑
사랑을 가르쳐준 사람
Never forget you I remember you
기억해 너 하나만
다시 시작해 말하고 싶지만
들리지도 또 보이지 않는
너를 찾고 있어 Uh
쏟아지는 장대비를 맞은 채
우리 처음 만난 그 곳으로 가는
내 자신이 너무나도 한심해
당신의 따스했던 자리
아직 가슴에
넌 더 견딜 수 있니
그럼 나도 조금 더 견딜테니
하지만 힘이 좀 들거야
너무 사랑했잖아
참으려 애를 써봤어도
어쩔수 없어
혹시라도 우연히 널 볼까봐
그대가 내 모습 볼까봐
거울을 보며 눈물을 닦죠
혹시나 너 올까봐
좋은 사람 너는 내게 첫사랑
사랑을 가르쳐준 사람
Never forget you I remember you
기억해 너 하나만",https://cdnimg.melon.co.kr/cm/album/images/007/27/252/727252_500.jpg/melon/resize/120/quality/80/optimize,Dance,Happy
Bus 안에서,자자 (ZAZA),"아아 아 아 아
그녀는 너무 지적이야
그녀는 너무 매력있고
그녀는 나를 병들게 해
너무 너무 좋아 죽겠어
나는 매일 학교가는 버스 안에서
항상 같은 자리 앉아있는
그녈 보곤 해
하지만 부담스럽게 너무
도도해보여
어떤 말도 붙일 자신이 없어
아니야 난 괜찮아 그런 부담 갖지 마
어차피 지금 나도 남자친구
하나 없는데
하지만 너는 왜 아무말도 없을까
너에겐 내가 정말
필요하다는 걸 알아
넌 너무 이상적이야
니 눈빛만 보고
네게 먼저 말 걸어줄
그런 여자는 없어
나도 마찬가지야 이렇게
나도 매일 학교가는 버스 안에서
항상 같은 자리 앉아있는
그앨 좋아해
일부러 그녀의 곁에
서보기도 하지만
왠지 내가 너무 부족해보여
아니야 난 괜찮아 그런 부담
갖지 마
어차피 지금 나도 남자친구
하나 없는데
하지만 너는 왜 아무말도 없을까
너에겐 내가 정말
필요하다는 걸 알아
넌 너무 이상적이야
니 눈빛만 보고
네게 먼저 말 걸어줄
그런 여자는 없어
나도 마찬가지야 이렇게
그렇게 쉬운 일도 망설이는
한심한 네 모습 정말
무지무지 답답해
넌 너무 이상적이야
니 눈빛만 보고
네게 먼저 말 걸어줄
그런 여자는 없어
나도 마찬가지야 이렇게",https://cdnimg.melon.co.kr/cm/album/images/000/05/457/5457_500.jpg/melon/resize/120/quality/80/optimize,Dance,Happy
Touch My Body,씨스타,"Touch my body Body
Touch my body Body
Touch my body Body
Touch my body
I know you want it
넌 내 곁으로 와
내가 준비한 wine 달콤한
chocolate chocolate
좀 부드럽고 때론 뜨거워지는
너만을 위한 my pool
na na na na na na
빨개진 너의 두 눈에
비친 내 모습
운전은 니가 해 그저
내 두 손은 하늘위로
Yeh baby dancing with me
you're my star
Touch my body
우린 조금씩 빠르게
Oh everybody
푸른 하늘 보다 높이
지금 이 리듬이 좋아
뜨거운 태양아래 너와나
My body body Touch ma body
Baby so good
지금 기분은 paradise
Baby so nice
우리 둘만의
summer night
조금씩 one step two step
달빛 아래 너와나
My body body Touch ma body
Touch my body Body
Touch my body Body
Touch my body Body
Touch my body
하나 둘씩 밝혀지는
니 맘 속안에 촛불
힘이 들 땐 조금 쉬었다가요
여기 red pool
내 입술이 좋아 아님
내 body가 좋아
솔직히 말해 여기 여기
여기 아님 저기 저기 저기
나밖에 없다고 지금 내게 말해줘
부끄럽게 자꾸 보지 말고
계속 날 안아줘
날 사랑한다 말해줘
Touch my body
우린 조금씩 빠르게
Oh everybody
푸른 하늘 보다 높이
지금 이 리듬이 좋아
뜨거운 태양아래 너와나
My body body Touch ma body
Baby so good
지금 기분은 paradise
Baby so nice
우리 둘만의
summer night
조금씩 one step two step
달빛 아래 너와나
My body body Touch ma body
Touch ma body My body My body
My body My body
너와 함께 있는 지금 Tonight
둘이 함께 보는 저 별들
어느 누구보다 행복해
너와 함께 있는 지금 Tonight
둘이 함께 보는 저 별들
어느 누구보다 행복해
Touch ma body",https://cdnimg.melon.co.kr/cm/album/images/022/68/221/2268221_500.jpg/melon/resize/120/quality/80/optimize,Dance,Happy
오늘부터 우리는 (Me Gustas Tu),여자친구 (GFRIEND),"널 향한 설레임을
오늘부터 우리는
꿈꾸며 기도하는
오늘부터 우리는
저 바람에 노을 빛
내 맘을 실어 보낼게
그리운 마음이 모여서 내리는
Me gustas tu gustas tu
su tu tu ru 좋아해요
gustas tu su tu ru ru
한 발짝 뒤에 섰던 우리는
언제쯤 센치해 질까요
서로 부끄러워서
아무 말도 못하는 너에게로
다가가고 싶은데
바람에 나풀거리는 꽃잎처럼
미래는 알 수가 없잖아
이제는 용기 내서 고백할게요
하나보단 둘이서
서로를 느껴 봐요
내 마음 모아서
너에게 전하고 싶어
설레임을 오늘부터 우리는
꿈꾸며 기도하는
오늘부터 우리는
저 바람에 노을 빛
내 맘을 실어 보낼게
그리운 마음이 모여서 내리는
Me gustas tu gustas tu
su tu tu ru 좋아해요
gustas tu su tu ru ru
한 걸음 앞에 서서
두 손을 놓지 말기로 약속해요
소중해질 기억을
꼭 꼭 담아 둘게요
지금보다 더 아껴 주세요
달빛에 아른거리는 구름처럼
아쉬운 시간만 가는데
이제는 용기 내서 고백할게요
둘 보단 하나 되어
서로를 느껴 봐요
내 마음 모아서
너에게 전하고 싶어
설레임을 오늘부터 우리는
꿈꾸며 기도하는
오늘부터 우리는
저 바람에 노을 빛
내 맘을 실어 보낼게
그리운 마음이 모여서 내리는
감싸 줄게요 그대
언제까지나
언제까지나
사랑이란 말 안 해도
느낄 수 있어요
고마운 마음을 모아서
널 향한 설레임을
오늘부터 우리는
꿈꾸며 기도하는
오늘부터 우리는
저 바람에 노을 빛
내 맘을 실어 보낼게
그리운 마음이 모여서 내리는
Me gustas tu gustas tu
su tu tu ru 좋아해요
gustas tu su tu ru ru",https://cdnimg.melon.co.kr/cm/album/images/023/30/981/2330981_500.jpg/melon/resize/120/quality/80/optimize,Dance,Happy
빙고 (아싸),거북이,"아 싸
Ladies and gentlemen
아싸 또 왔다 나
아싸 또 왔다 나
기분 좋아서 나
노래 한 곡 하고
하나 둘 셋 넷
터질것만 같은
행복한 기분으로
틀에 박힌 관념
다 버리고 이제 또
맨 주먹 정신
다시 또 시작하면
나 이루리라 다
나 바라는대로
지금 내가 있는
이 땅이 너무 좋아
이민따위 생각한 적도
없었고요
금 같은 시간
아끼고 또 아끼며
나 비상하리라
나 바라는대로
산속에도 저 바다속에도
이렇게 행복할 순
없을거야 랄랄랄라
구름타고 세상을 날아도
지금처럼 좋을 수는
없을거야 울랄랄라
모든게 마음 먹기 달렸어
어떤게 행복한 삶인가요
사는게 힘이들다 하지만
쉽게만 살아가면
재미없어 빙고
거룩한 인생
고귀한 삶을 살며
부끄럼 없는
투명한 마음으로
이내 삶이 끝날
그 마지막 순간에
나 웃어보리라 나
바라는대로 빙고
아싸 또 왔다 나
기분 좋아서 나
노래 한 곡 하고
하나 둘 셋 넷
한치앞도 모르는
또 앞만보고 달리는
이 쉴새없는 인생은
언제나 젊을 수 없음을
알면서도 하루하루
지나가고 또
느끼면서 매일매일
미뤄가고
평소 해보고
싶은 가보고 싶은
곳에 단 한 번도
못가는 이 청춘
산속에도 저 바다속에도
이렇게 행복할 순
없을거야 랄랄랄라
구름타고 세상을 날아도
지금처럼 좋을 수는
없을거야 울랄랄라
모든게 마음 먹기 달렸어
어떤게 행복한 삶인가요
사는게 힘이 들다 하지만
쉽게만 살아가면
재미없어 빙고
피할 수 없다면 즐겨봐요
힘들다 불평하지만 말고
사는게 고생이라 하지만
쉽게만 살아가면
재미없어 빙고
거룩한 인생
고귀한 삶을 살며
부끄럼 없는
투명한 마음으로
이내 삶이 끝날
그 마지막 순간에
나 웃어보리라
나 바라는대로 빙고
아싸 또 왔다 나
기분 좋아서 나
노래 한 곡 하고
하나 둘 셋 넷
아싸 빙고",https://cdnimg.melon.co.kr/cm/album/images/000/43/466/43466_500.jpg/melon/resize/120/quality/80/optimize,Dance,Happy
순정 (純情),코요태,"순정

(純情)워워워 워워워
워워워워워워워
워워워 워워워
워워워워워워워
나를 포기했어 너만
사랑했어
그것만으로도 부족했었나
바보 같은 내게 내게
이럴 수 있어
영원히 함께 있자고
죽어도 같이 죽자고
눈물로써 맹세했는데
다 필요 없어
너의 행복 찾아 나를 떠난다면
이제 와서 나는 어떡하라고
다시 생각해봐 내게
이러면 안돼
너 없인 살 수가없어
제발 날 도와 달라고
애원하며 붙잡고싶어
워워워 워워워
워워워워워워워
워워워 워워워
워워워워워워워
어느날 갑자기 슬픈
내게로 다가와
사랑만 주고서 멀리
떠나가 버린 너
get down and find yo cutie
jump around and shake
yo booty
이해 못해 너의 그런 의미
why me 진정 나를 사랑했니
heart breakin love rackin
너에게 모든 걸 맡긴 now
you packin
왜 착한 나를 자꾸 울려
don't wanna let's you go
사랑하면 뭐해 정은 줘서 뭐해
순정 받쳐 고작 눈물뿐인데
사랑한게 죄야 너를
원망 않겠어
나 떠나 행복하기를 간절히
기도할께요
단 내 사랑은 잊지 말아줘
워워워 워워워
워워워워워워워
워워워 워워워
워워워워워워워
어느날 갑자기 슬픈
내게로 다가와
사랑만 주고서 멀리
떠나가 버린 너",https://cdnimg.melon.co.kr/cm/album/images/000/04/936/4936_500.jpg/melon/resize/120/quality/80/optimize,Dance,Happy
Loving U (러빙유),씨스타,"Hey 참 이상해 정말 strange
이런 적 없었는데 널 볼때마다
나 두근두근 떨리는게
When I see your face
혼자 막 상상을 해
나 표정 관리 안돼 미칠 것 같아
또 니가 니가 보고 싶어서
I wanna say woo woo woo woo yeh
너 때문에 그래 먼저 말하긴
싫은데 내 입가에 맴돌아
Loving U U 나 어떡해
what should I do
조절이 안돼 내 맘 고장 나버린
heart 정신 못 차릴 만큼
Boy I'm falling in love with U U
나 어떡해 what should I do
널 놓치면 난 안돼 사랑한다고
Woo woo woo woo woo
Woo woo woo woo woo woo
Baby I'm in love with you
ok let's talk about love
모두 휘파람을 불며
어머나 나를 꼬시려고 했던 남자들
이젠 모두 안녕
내 애교섞인 목소리는
오빠만 부를래 오빠야
어쩌면 좋아 내가 사랑에 빠졌나 봐
Woo woo woo woo yeh
너 때문에 그래 먼저 말하긴 싫은데
내 입가에 맴돌아
Loving U U 나 어떡해
what should I do
조절이 안돼 내 맘 고장 나버린
heart 정신 못 차릴 만큼
Boy I'm falling in love with U U
나 어떡해 what should I do
널 놓치면 난 안돼 사랑한다고
Woo woo woo woo woo
Woo woo woo woo
Baby I'm in love with you
애타는 내 맘 너무 기나긴 밤
숨겨왔던 너를 향한 말 사랑해
Baby I’m in love with U U
나 어떻게 해 What should I do
조절이 안돼 내 맘 고장 나버린
heart 정신 못 차릴 만큼
Boy I'm falling in love with U U
나 어떡해 what should I do
널 놓치면 난 안돼 사랑한다고
Woo woo woo woo woo
Woo woo woo woo woo woo
Baby I'm in love with you
Hello Hello 눈이 마주치면 L. O.
L. O. V. E 나는 말해
멜로 멜로 우린 L. O. L. O. V. E.
L. O. L. O. V. E
I'm only think about U",https://cdnimg.melon.co.kr/cm/album/images/021/31/509/2131509_500.jpg/melon/resize/120/quality/80/optimize,Dance,Happy
아틀란티스 소녀 (Atlantis Princess),보아 (BoA),"저 먼 바다 끝엔 뭐가 있을까
다른 무언가 세상과는 먼 얘기
구름위로 올라가면 보일까
천사와 나팔부는 아이들
숲속 어디엔가 귀를 대보면
오직 내게만 작게 들려오는 목소리
꿈을 꾸는 듯이 날아가볼까
저기 높은 곳 아무도 없는 세계
그렇게도 많던 질문과
풀리지 못한 나의 수많은 얘기가
돌아보고 서면 언제부턴가
나도 몰래 잊고 있던 나만의 비밀
이제 정말 왜 이래 나 이제 커버린 걸까
이제 정말 뭔가 잃어버린 기억
지금 내맘 이젠 나의 그 작은 소망과
꿈을 잃지 않기를 저 하늘속에 속삭일래
까만 밤하늘에 밝게 빛나던
별들 가운데 나 태어난 곳 있을까
나는 지구인과 다른 곳에서
내려 온 거라 믿고 싶기도 했어
그렇게도 많던 질문과
풀리지 못한 나의 수많은 얘기가
돌아보고 서면 언제 부턴가
나도 몰래 잊고 있던 나만의 비밀
이제 정말 왜 이래 나 이제 커버린 걸까
이제 정말 뭔가 잃어버린 기억
지금 내맘 이젠 나의 그 작은 소망과
꿈을 잃지 않기를 저 하늘속에 속삭일래
왜 이래 나 이제 커버린 걸까
이제 정말 뭔가 잃어버린 기억
지금 내맘 이젠 나의 그 작은 소망과
꿈을 잃지 않기를 저 하늘속에 속삭일래
너무나도 좋은 향기와 바람이
나에게로 다가와
어느샌가 나도 모르게
가만히 들려오는 작은 속삭임
귀를 기울이고 불러보세요
다시 찾게 될 거예요 잊혀진 기억
생각해봐 나 이제 더 이상 놓치진 않아
소중했던 나의 잃어버린 기억
지금 내맘 이젠 나의 그 작은 소망과
꿈을 잃지 않기를 저 하늘 속에 속삭일래
왜 이래 나 이제 커버린 걸까
이제 정말 뭔가 잃어버린 기억
지금 내맘 이젠 나의 그 작은 소망과
꿈을 잃지 않기를 저 하늘속에 기도할래",https://cdnimg.melon.co.kr/cm2/album/images/000/40/234/40234_20210323165407_500.jpg/melon/resize/120/quality/80/optimize,Dance,Happy
연예인,싸이 (PSY),"나의 그대가
원한다면 어디든 무대야
유머러스한 남자가 요즘엔 추세야
남자다운 남자는 낭자를
기쁘게 할 줄 알아야해
같이 놀고 가지고 놀고
잘 놀 줄 알아야 해
오늘부로 너의 연예인이
되기 위해 해 데뷔 무대
코믹 멜로 액션 에로
맘에 드는 걸 찍으시죠
지금부터 슛 들어갑니다
영화 한편 찍으시죠
엔딩에 키스씬 있다 참고 하시죠
그대의 연예인이 되어
항상 즐겁게 해 줄게요
연기와 노래 코메디까지 다 해줄게
그대의 연예인이 되어
평생을 웃게 해 줄게요
언제나 처음 같은 마음으로
너를 슬프게 하는 사람 누구야
우는 모습도 이뻐 뭐야 왜 우는데
그러자 그녀가 웃는데
항상 개인기와
신기한 이벤트 쇼쇼쇼
준비 다 끝났으니
우울한 날엔 말씀하셔셔셔
분위기 띄울땐
댄스 뮤직 한 곡 때리고
무드 잡을 땐 발라드 한 곡 뽑고
리듬 타고플땐 힙합 힙힙힙합
하늘 높이 뛰고플땐 락엔롤
그대의 연예인이 되어
항상 즐겁게 해 줄게요
연기와 노래 코메디까지 다 해줄게
그대의 연예인이 되어
평생을 웃게 해 줄게요
언제나 처음 같은 마음으로
난 그대의 연예인
난 그대의 연예인
난 당신의 연예인
난 당신의
난 당신의 댄스 가수
때로는 영화배우 같아
때로는 코미디언 같아
때로는 탤런트 같아 때로는 가수 같아
너의 기분에 따라 난 난
난 그대의 연예인
그대의 연예인이 되어
평생을 웃게 해 줄께요
언제나 처음 같은 마음으로
난 그대의 연예인",https://cdnimg.melon.co.kr/cm/album/images/003/22/649/322649_500.jpg/melon/resize/120/quality/80/optimize,Dance,Happy
Go Away,2NE1,"너무 치사하잖아 너답지 못하잖아
지금 적응이 안돼 어 어 어지러워 왜
누가 누구랑 헤어져
네가 나랑 헤어져
잘 생각하고 말해 Yeah
날 따라다니던 남자
참 괜찮았던 남자
난 너 하나 때문에 다다다 보냈는데
누가 누구랑 헤어져
네가 나랑 헤어져
나 없이 잘 살아봐 yeah
Tonight 하필 또 비는 내려 왜
내 모습 초라해지게
날 위로 하지는 마
이 손 치워 이제 남이니까
내 걱정 말고 Go Away
집착 없이 사라져 줄게
매달릴 줄 알았겠지
역겨워 착각하지마
더 멋진 사람 만날게
널 후회하게 만들어 줄게
슬픔은 지금 뿐야 boy
Cause love is over
Love love is over tonight
Just say what you gotta say
어쩜 끝까지 멋없니
Fiance Beyonce
I'm walkin' out of destiny
초라한 홀로가 아닌 화려한 솔로
That's my way
모든걸 다 줬으니
오히려 난 후회 안 해
지가 더 슬픈 척
끝까지 멋있는 척
All you do is act a fool
You ain't shit without your crew
시간 없어 I gotta go
안녕 good bye adios
네 못난 얼굴 다신 보고 싶진 않아
no more
Tonight 하필 또 비는 내려 왜
내 모습 초라해지게
날 위로 하지는 마
이 손 치워 이제 남이니까
내 걱정 말고 Go Away
집착 없이 사라져 줄게
매달릴 줄 알았겠지
역겨워 착각하지마
더 멋진 사람 만날게
널 후회하게 만들어 줄게
슬픔은 지금 뿐야 boy
Cause love is over
Love love is over tonight

내 걱정 말고 Go Away
집착 없이 사라져 줄게
매달릴 줄 알았겠지
역겨워 착각하지마
더 멋진 사람 만날게
널 후회하게 만들어 줄게
슬픔은 지금 뿐야 boy
Cause love is over
Love love is over tonight",https://cdnimg.melon.co.kr/cm/album/images/010/17/253/1017253_500.jpg/melon/resize/120/quality/80/optimize,Dance,Happy
Roly-Poly,티아라,"어디까지 왔나 또 어디 숨었나
맘에 들어 왔나 나나나나나
I like you
어디서 오셨나요
자꾸 눈이 가네요
그대 눈빛이
나는 참 맘에 드네요
옆으로 가고 싶지만
용기가 안나서
가슴이 떨려와
나는 참 망설이네요
몰라 어떡해 난 몰라 미치겠어
널 놓치기 싫어
너에게로 점점 다가갈래
점점 내 앞에서 떠날 수 없게
Roly Poly Roly Roly Poly
날 밀어내도 난 다시
네게로 다가가서
Roly Poly Roly Roly Poly
나만 보일꺼야
너에게 나를 보여 줄꺼야
시계는 왜 보나요
우리 만남부터 쭉 멈춰 있는데
나는 참 맘에 드네요
나 오늘 이상하네요
자꾸 떨리네요
그대를 보고서 나는 참 망설이네요
몰라 불안해 난 몰라 미치겠어
어디로 갈까봐 한걸음 더
점점 다가갈래
점점 내 눈에서 떠날 수 없게
Roly Poly Roly Roly Poly
날 밀어내도 난 다시
네게로 다가가서
Roly Poly Roly Roly Poly
나만 보일꺼야
너에게 나를 보여 줄꺼야
I like like this I like like
that I like this like that yeah
Roly Poly Roly Roly Poly
날 밀어내도 난 다시
네게로 다가가서
Roly Poly Roly Roly Poly
나만 보일꺼야
너에게 나를 보여 줄꺼야
Ah Ah Ah Ah Tonight
시간이 된거야 내게로 올거야
Oh Tonight
Ah Ah Ah Ah Tonight
널 기다릴 거야
너도 날 놓치기 싫을 거야",https://cdnimg.melon.co.kr/cm/album/images/013/17/401/1317401_500.jpg/melon/resize/120/quality/80/optimize,Dance,Happy
Candy,H.O.T.,"사실은 오늘 너와의
만남을 정리하고 싶어
널 만날 거야 이런 날 이해해
어렵게 맘 정한 거라
네게 말할거지만
사실 오늘 아침에
그냥 나 생각한 거야
햇살에 일어나 보니
너무나 눈부셔
모든 게 다 변할 거야
널 향한 마음도
그렇지만 널 사랑 않는 게 아냐
이제는 나를 변화시킬 테니까
너 몰래몰래몰래
다른 여자들과 비교 비교했지
자꾸만 깨어지는 환상 속에
혼자서 울고 있는
초라하게 갇혀버린 나를 보았어
널 떠날 거야 음 널 떠날 거야 음
하지만 아직까지 사랑하는 걸
그래 그렇지만 내 맘 속에
너를 잊어갈 거야
머리 위로 비친
내 하늘 바라다보며
널 향한 마음을 이제는 굳혔지만
웬일인지 네게 더 다가갈수록
우린 같은 하늘 아래 서 있었지
단지 널 사랑해 이렇게 말했지
이제껏 준비했던
많은 말을 뒤로 한 채
언제나 니 옆에 있을게
이렇게 약속을 하겠어
저 하늘을 바라다보며
내게 하늘이 열려 있어
그래 그래 너는 내 앞에서 있고
그래 다른 연인들은 키스를 해
하지만 항상 나는
너의 뒤에 있어야만 해
이제 그만해 음 나도 남잔데 음
내 마음 너도 알고 있는걸 알아
그래 이제 나도 지쳐서
하늘만 바라볼 수 밖에
햇살에 일어나 보니
너무나 눈부셔
모든 게 다 변할 거야
널 향한 마음도
그렇지만 널 사랑 않는 게 아냐
이제는 나를 변화시킬테니까
머리 위로 비친
내 하늘 바라다보며
널 향한 마음을 이제는 굳혔지만
왠일인지 네게 더 다가갈수록
우린 같은 하늘 아래 서 있었지
단지 널 사랑해 이렇게 말했지
이제껏 준비했던
많은 말을 뒤로 한 채
언제나 니 옆에 있을게
이렇게 약속을 하겠어
저 하늘을 바라보며
한번 더 한 번 더 말했지
이제껏 준비했던
많은 말을 뒤로 한 채
언제나 니 옆에 있을게
다신 너 혼자 아냐
너의 곁엔 내가 있잖아",https://cdnimg.melon.co.kr/cm/album/images/000/05/280/5280_500.jpg/melon/resize/120/quality/80/optimize,Dance,Happy
으르렁 (Growl),EXO,"Yo Okay
나 혹시 몰라 경고하는데
잘 들어
지금 위험해
So Dangerous
자꾸 나를 자극하지마
큰일 나
나도 날 몰라
숨이 자꾸 멎는다
네가 날 향해 걸어온다
나를 보며 웃는다
너도 내게 끌리는지
눈앞이 다 캄캄해
네가 뚫어져라 쳐다볼 땐
귓가에 가까워진 숨소리
날 미치게 만드는 너인걸
아무도 널 못 보게
품에 감추고 싶어
널 노리는 시선들
내 안에 일어난 거센 소용돌이
검은 그림자 내 안에 깨어나
널 보는 두 눈에 불꽃이 튄다
그녀 곁에서 모두 다 물러나
이젠 조금씩 사나워진다
나 으르렁 으르렁 으르렁 대
나 으르렁 으르렁 으르렁 대
나 으르렁 으르렁 으르렁 대
너 물러서지 않으면 다쳐도 몰라
날이 선 눈빛과 베일듯한 긴장감
지금 탐색 중이야 너의 주위를
Babe Babe Oh
넌 그냥 그대로 있어
나만을 바라보면서
절대 널 보내지 않아
두고 봐 Babe
흐린 공간속에서
선명하게 빛나는
널 노리는 시선들
내 안에 울리는 경보 울림소리
검은 그림자 내 안에 깨어나
널 보는 두 눈에 불꽃이 튄다
그녀 곁에서 모두 다 물러나
이젠 조금씩 사나워진다
나 으르렁 으르렁 으르렁 대
나 으르렁 으르렁 으르렁 대
나 으르렁 으르렁 으르렁 대
너 물러서지 않으면 다쳐도 몰라
E X O 또 다른 늑대들이 볼세라
너무나 완벽한 내 여자라
품속엔 부드럽게 너를 안고
너만을 위해서 나는 난폭해지고
결국엔 강한 자가 얻게 되는 미인
자리가 없으니까 그냥 돌아가
I win
가능성 제로야 닳으니까 그만 봐
그녀를 넘본다면 나를 먼저 넘어봐
우리 말곤 하나둘씩 지워버리자
너하고 나만 여기 남아
멈춰진 듯이 워
검은 그림자 내 안에 깨어나
널 보는 두 눈에 불꽃이 튄다
그녀 곁에서 모두 다 물러나
이젠 조금씩 사나워진다
나 으르렁 으르렁 으르렁 대
나 으르렁 으르렁 으르렁 대
나 으르렁 으르렁 으르렁 대
너 물러서지 않으면 다쳐도 몰라
나 으르렁 으르렁 으르렁 대
나 으르렁 으르렁 으르렁 대
나 으르렁 으르렁 으르렁 대
너 물러서지 않으면 다쳐도 몰라",https://cdnimg.melon.co.kr/cm/album/images/021/95/303/2195303_500.jpg/melon/resize/120/quality/80/optimize,Dance,Happy
BLUE,BIGBANG (빅뱅),"겨울이 가고 봄이 찾아오죠
우린 시들고
그리움 속에 맘이 멍들었죠
I’m singing my blues
파란 눈물에 파란 슬픔에 길들여져
I’m singing my blues
뜬구름에 날려보낸 사랑 oh oh
같은 하늘 다른 곳 너와나
위험하니까 너에게서 떠나주는 거야
님이란 글자에 점하나 비겁하지만
내가 못나 숨는 거야
잔인한 이별은 사랑의 말로
그 어떤 말도 위로 될 수는 없다고
아마 내 인생의 마지막 멜로
막이 내려오네요 이제
태어나서 널 만나고 죽을 만큼
사랑하고
파랗게 물들어 시린 내 마음
눈을 감아도 널 느낄 수 없잖아
겨울이 가고 봄이 찾아오죠
우린 시들고
그리움 속에 맘이 멍들었죠
I’m singing my blues
파란 눈물에 파란 슬픔에 길들여져
I’m singing my blues
뜬구름에 날려보낸 사랑 oh oh
심장이 멎은 것 만 같아 전쟁이
끝나고 그 곳에 얼어 붙은 너와나
내 머릿속 새겨진 Trauma
이 눈물 마르면
촉촉히 기억하리 내 사랑
괴롭지도 외롭지도 않아
행복은 다 혼잣말
그 이상에 복잡한 건 못 참아
대수롭지 아무렇지도 않아
별수없는 방황 사람들은 왔다 간다
태어나서 널 만나고 죽을 만큼
사랑하고
파랗게 물들어 시린 내 마음
너는 떠나도 난 그대로 있잖아
겨울이 가고 봄이 찾아오죠
우린 시들고
그리움 속에 맘이 멍들었죠
오늘도 파란 저 달빛아래에
나 홀로 잠이 들겠죠
꿈속에서도 난 그대를 찾아
헤매이며 이 노래를 불러요
I’m singing my blues
파란 눈물에 파란 슬픔에 길들여져
I’m singing my blues
뜬구름에 날려보낸 사랑
I’m singing my blues
파란 눈물에
파란 슬픔에 길들여져
I’m singing my blues
뜬구름에 날려보낸 사랑 oh oh",https://cdnimg.melon.co.kr/cm/album/images/020/84/128/2084128_500.jpg/melon/resize/120/quality/80/optimize,Dance,Happy
View,SHINee (샤이니),"모두 할 말을 잃지 Like you
4차원 이상의 기적의 View
달콤히 찍어 문 빛의 퐁듀
보이기 시작한 음의 색도
예민해진 걸 느껴
뚜렷한 색감과 여섯 번째 감각
Tonight is the night
좀 거칠어도 좋아
더 민감히 굴어봐
더는 숨기지 말아줘
너무 아름다운 다운 다운 다운 View
너무 아름다운 다운 다운 다운 View
더 보여줘 다음 다음 다음 다음 View
너무 아름다운 다운 다운 다운 View
너무 아름다운 다운 다운 그곳으로
너무 아름다운 다운 다운 데려가 줘
더 보여줘 다음 다음 다음
더 보여줘
너무 아름다운 다운 다운 다운 View
저 하늘을 곱게 접는
이 바다를 병에 담는 시간도
편히 걷는 꿈들을 이뤄 난
By my side
상상한 게 뭐든 전부 보여 줄게
이제 말해봐 Yeah yeah
예민해진 걸 느껴
은근한 촉감과 끝없어진 감각
Tonight is the night
이상하대도 좋아
잠들었던 감각의 한계를
넘어선 그 순간
Yeah yeah yeah
너무 아름다운 다운 다운 다운 View
너무 아름다운 다운 다운 다운 View
더 보여줘 다음 다음 다음 다음 View
너무 아름다운 다운 다운 다운 View
너무 아름다운 다운 다운 그곳으로
너무 아름다운 다운 다운 데려가 줘
더 보여줘 다음 다음 다음
더 보여줘
너무 아름다운 다운 다운 다운 View
지루함에 익숙해져
특별함을 잊었잖아
이제 천천히 고개를 들어 줘
내 두 눈에 입 맞춰
너무 아름다운 다운 다운
그곳으로
너무 아름다운 다운 다운
그곳으로
데려가 줘
누구든 처음이겠지 Like you
I feel a thousand senses
별빛의 향과 맛을 본 것도
I’ll never leave you lonely
향기의 무게를 느낀 것도
I won’t let you down
소리의 색과 모양 본 것도",https://cdnimg.melon.co.kr/cm/album/images/023/19/050/2319050_500.jpg/melon/resize/120/quality/80/optimize,Dance,Happy
사랑과 전쟁 (Narr. 하하),다비치,"나 있잖아
너 없으면 죽을꺼 같애
내 눈은 두개인데
왜 너 하나 밖에 안보이는걸까
시끄럽고 너 어제 누구랑있었어
나 좋다고 매달릴 땐 언제고
매달린 정돈 아니고
누구랑 있었냐고
야 아니거든요
나 집에 있었거든요
엄마가 밥해줬거든요
두 번 다시 바람 피지마
니가 매달려 만난거잖아
어떻게 날 두고
다른 여자를 만날 수 있니
내게 더 정말 멋진남자들
가끔은 내게 다가와
흔들릴 때도 있어
넌 몰라
이젠 제발 정신 좀 차려
어제 너 누구랑 있었어
친구에게 전화가왔어
니가 다른여자와 있었다고
솔직히 너 한 번 말해봐
나보다 더 매력있니
아니면 이젠
내가 너는 지겨운거니
두 번 다시 바람 피지마
니가 매달려 만난거잖아
어떻게 날 두고
다른 여자를 만날 수 있니
내게 더 정말 멋진남자들
가끔은 내게 다가와
흔들릴 때도 있어
넌 몰라
이젠 제발 정신 좀 차려
Oh my lover Oh my you baby
Oh my lover Oh my you baby
Oh my lover Oh my you baby
Oh my lover Oh my you baby
거짓말 오 이런 얘기 재미 없어
오늘부로 우린 망했어
화내지 마 아주 잠깐
우린 너무 완소커플 킹왕짱
도끼는 들지마 후덜덜
우리사랑 we belong together
넌 나의 태양 넌 나의 바다
요즘따라 정말 이상해
평소에는 안그랬는데
내게 장미꽃을 선물했던 너
다른 여자와 있었던게
그게 너무 미안해서
그래서 내게 더
잘해준 걸 몰랐어
두 번 다시 바람 피지마
니가 매달려 만난거잖아
어떻게 날 두고
다른 여자를 만날 수 있니
내게 더 정말 멋진남자들
가끔은 내게 다가와
흔들릴 때도 있어
넌 몰라
이젠 제발 정신 좀 차려
두 번 다시 보기 싫지만
널 차버려도 할 말 없지만
그래도 아직은
내가 너를 너무 사랑해
거짓말한거 정말 싫지만
이번 한 번만 용서해
다시 이런 일 없게 해줄래
이젠 나만 사랑해줄래
Oh my lover Oh my you baby
Oh my lover Oh my you baby
Oh my lover Oh my you baby
Oh my lover Oh my you baby",https://cdnimg.melon.co.kr/cm/album/images/003/88/456/388456_500.jpg/melon/resize/120/quality/80/optimize,Dance,Happy
FANTASTIC BABY,BIGBANG (빅뱅),"FANTASTIC BABY

여기 붙어라 모두 모여라
WE GON’ PARTY LIKE
리리리라라라
맘을 열어라 머릴 비워라
불을 지펴라 리리리라라라
정답은 묻지 말고 그대로 받아들여
느낌대로 가 ALRIGHT
하늘을 마주하고 두 손을 다 위로
저 위로 날뛰고 싶어 OH
나나나나나 나나나나나
WOW FANTASTIC BABY
DANCE I WANNA DAN DAN DAN DAN
DANCE FANTASTIC BABY
DANCE I WANNA DAN DAN DAN DAN
DANCE WOW FANTASTIC BABY
이 난장판에 HEY 끝판 왕 차례 HEY
땅을 흔들고 3분으론 불충분한
RACE WAIT
분위기는 과열
HUH CATCH ME ON FIRE HUH
진짜가 나타났다 나나나나
하나부터 열까지 모든 게 다 한 수위
모래 벌판 위를 미친 듯이
뛰어봐도 거뜬한 우리
하늘은 충분히 너무나 푸르니까
아무것도 묻지 말란 말이야
느끼란 말이야 내가 누군지
네 심장소리에 맞게 뛰기 시작해
막이 끝날 때까지 YE
I CAN’T BABY DON’T’ STOP THIS
오늘은 타락해 미쳐 발악해
가는거야
WOW FANTASTIC BABY
DANCE I WANNA DAN DAN DAN DAN
DANCE FANTASTIC BABY
DANCE I WANNA DAN DAN DAN DAN
DANCE WOW FANTASTIC BABY
BOOM SHAKALAKA
BOOM SHAKALAKA
BOOM SHAKALAKA
DAN DAN DAN DAN
DANCE
BOOM SHAKALAKA
BOOM SHAKALAKA
BOOM SHAKALAKA
DAN DAN DAN DAN
날 따라 잡아볼 테면 와봐
난 영원한 딴따라
오늘 밤 금기란 내겐 없어
mama just let me be your lover
이 혼란 속을 넘어 나나나나나
머리끝부터 발끝까지 비쥬얼은
쇼크 내 감각은 소문난 꾼
앞서가는 촉
남들보다는 빠른 걸음
차원이 다른 젊음
얼음얼음얼음 HOLD UP
나나나나나
네 심장소리에 맞게 뛰기 시작해
막이 끝날 때까지 YE
I CAN’T BABY DON’T’ STOP THIS
오늘은 타락해 미쳐 발악해
가는거야
WOW FANTASTIC BABY
DANCE I WANNA DAN DAN DAN DAN
DANCE FANTASTIC BABY
DANCE I WANNA DAN DAN DAN DAN
DANCE WOW FANTASTIC BABY
BOOM SHAKALAKA
BOOM SHAKALAKA
BOOM SHAKALAKA
DAN DAN DAN DAN
DANCE
BOOM SHAKALAKA
BOOM SHAKALAKA
BOOM SHAKALAKA
DAN DAN DAN DAN
다 같이 놀자 YE YE YE
다 같이 뛰자 YE YE YE
다 같이 돌자 YE YE YE
다 같이 가자
WOW FANTASTIC BABY",https://cdnimg.melon.co.kr/cm/album/images/020/84/128/2084128_500.jpg/melon/resize/120/quality/80/optimize,Dance,Happy
분홍신,아이유,"길을 잃었다 어딜 가야 할까
열두 개로 갈린 조각난 골목길
어딜 가면 너를 다시 만날까
운명으로 친다면 내 운명을 고르자면
눈을 감고 걸어도 맞는 길을 고르지
사라져버린 Summer Time
너의 두 눈이 나를 비추던
Summer Time
기다리기만 하는 내가 아냐
너를 찾아 뚜벅
내게 돌아올 Summer Time
찬 바람 불면 그냥 두 눈 감기로 해
what's the time Summer Time
움파룸파둠 두비두바둠 슬프지 않아
춤을 춘다
다시 다시
길을 찾아 떠난 갈색머리 아가씨는
다시 사랑에 빠졌고 행복했더라는
처음부터 다시 쓰는 이야기
좋은 구둘 신으면 더 좋은 데로 간다며
멈춰지지 않도록 너를 찾을 때까지
사라져버린 Summer Time
너의 두 눈이 나를 비추던 Summer Time
기다리기만 하는 내가 아냐
너를 찾아 뚜벅
내게 돌아올 Summer Time
찬 바람 불면 그냥 두 눈 감기로 해
what's the time Summer Time
움파룸파둠 두비두바둠 멈추지 않아
춤을 춘다
다시 다시
나의 발이 자꾸 발이 자꾸 맘대로
yoohoo
oh my pink shoes oh my
난난 마음 잡고 마음 잡고 제대로
yoohoo
Yah yah 좀 더 빠르게
잃어버린 내 Summer Time
낯선 시간을 헤매이다 널 찾을까
아직 길은 멀었니 겁이 나면 나는
괜히 웃어
혹시 넌 나를 잊을까
너의 시간이 내게 멈춰있길 바래
slow the time stop the time
움파룸파룸 두비두비
움파룸파룸 두비두바둠 좀 더 빠르게
달려간다
다시 다시 다시 다시",https://cdnimg.melon.co.kr/cm/album/images/022/08/448/2208448_500.jpg/melon/resize/120/quality/80/optimize,Dance,Happy
Heartbreaker,G-DRAGON,"A yo finally
Is this what you been waitin' for
brand new G D
I'm all by myself
But it's all good
Yo ma Heartbreaker
DJ and YG
Let me take this song here
나도 어디서 꿀리진 않어
아직 쓸만한 걸 죽지 않었어
너 하나 때문에 망가진 몸
사라진 꿈 불 타는 맘
널 위해서라면 내 한 몸 날려
니가 있는 곳이면 달려
하지만 그댄 내게 안녕 또 안녕
넌 내가 싫다고 이유가 뭐냐고
짜증난 네 표정이
모든 걸 말해줘 슬프게 해
그래도 좋다고 기회를 달래도
한번 돌아선 니 모습
차가운 그 눈빛이 싫어요
No No
Yo ma heart heart heart heart
Heart breaker
내가 뭘 잘못했는지
Yo ma heart heart heart heart
Heart breaker
No way No way
니가 날 떠나간다고
난 인정 못한다고
잘 사나보자고
Lovers and Haters
지긋지긋지긋 해
삐끗삐끗삐끗 해
내 사랑이 비굴해
No way
매일 똑같은 문제
넌 내가 변했다해
가증스런 입 다물래
상대가 누군지 알고 말해
난 이제 Out of control
혼자서 계속 밑으로
그 자리 그 곳에서 안녕 또 안녕
넌 내가 싫다고 이유가 뭐냐고
화가 난 니 목소리
모든 걸 보여줘 슬프게 해
그래도 좋다고 기회를 달래도
한번 돌아선 니 모습
차가운 그 미소가 미워요
No No
Yo ma heart heart heart heart
Heart breaker
내가 뭘 잘못했는지
Yo ma heart heart heart heart
Heart breaker
No way No way
니가 날 떠나간대도
난 인정 못한다고
잘 사나보자고
Lovers and Haters
지긋지긋지긋 해
삐끗삐끗삐끗 해
내 사랑이 비굴해
I'll still still be there
꺼진 니 전화기에
I'll still still be there
네 집 앞 편지함에
난 아직도 그댈
이젠 남이라 해도
I'll will still be there
영원히 함께하잔 그 말들
잠깐의 달콤한 뿐이라고
그댄 왜 아무렇지 않냐고
헤이 난 이렇게 아픈데
Yo ma heart heart heart heart
Heart breaker
내가 뭘 잘못했는지
Yo ma heart heart heart heart
Heart breaker
No way No way
Yo ma heart heart heart heart breaker
Yo ma heart heart heart heart
breaker breaker
H E A R T baby
No way
I'm out",https://cdnimg.melon.co.kr/cm/album/images/006/35/352/635352_500.jpg/melon/resize/120/quality/80/optimize,Dance,Happy
Tell me (Sampling From 'Two Of Hearts'),원더걸스,"너도 날 좋아할 줄은 몰랐어
어쩌면 좋아 너무나 좋아
꿈만 같아서 나 내 자신을
자꾸 꼬집어봐 너무나 좋아
네가 날 혹시 안 좋아할까봐
혼자 얼마나 애태운지 몰라
그런데 니가 날 사랑한다니
어머나 다시 한 번 말해봐
Tell me tell me
tell tell tell tell tell
tell me
나를 사랑한다고
날 기다려왔다고
tell me tell me
tell tell tell tell tell
tell me
내가 필요하다 말해 말해줘요
tell me tell me
tell tell tell tell tell
tell me
자꾸만 듣고 싶어
계속 내게 말해줘
tell me tell me
tell tell tell tell tell
tell me
꿈이 아니라고 말해 말해줘요
어쩜 내 가슴이 이렇게 뛰니
가슴이 정말 터질 것 같아
네가 날 볼 때면 전기에 감전된
사람처럼 전기가 올라
얼마나 오래 기다린지 몰라
얼마나 오래 꿈꿨는지 몰라
그런데 네가 날 사랑한다니
어머나 다시 한 번 말해봐
Tell me tell me
tell tell tell tell tell
tell me
나를 사랑한다고
날 기다려왔다고
tell me tell me
tell tell tell tell tell
tell me
내가 필요하다 말해 말해줘요
tell me tell me
tell tell tell tell tell
tell me
자꾸만 듣고 싶어
계속 내게 말해줘
tell me tell me
tell tell tell tell tell
tell me
꿈이 아니라고 말해 말해줘요
tell me tell me tell me you
want me want me want me too
Tell me tell me tell me you
love me too love me too
얼마나 오래 기다린지 몰라
얼마나 오래 꿈꿨는지 몰라
그런데 네가 날 사랑한다니
어머나 다시 한 번 말해봐
Tell me tell me
tell tell tell tell tell
tell me
나를 사랑한다고
날 기다려왔다고
tell me tell me
tell tell tell tell tell
tell me
내가 필요하다 말해 말해줘요
tell me tell me
tell tell tell tell tell
tell me
자꾸만 듣고 싶어
계속 내게 말해줘
tell me tell me
tell tell tell tell tell
tell me
꿈이 아니라고 말해 말해줘요
Tell me tell me
tell tell tell tell tell
tell me
tell tell tell tell tell
tell me
tell me tell me",https://cdnimg.melon.co.kr/cm/album/images/003/57/386/357386_500.jpg/melon/resize/120/quality/80/optimize,Dance,Happy
Mr. Chu (On Stage),Apink (에이핑크),"한번 보면 두 번 더 보고 싶어
두번 세번 보면 너를 더 안고 싶어
너와 커플링 커플링 손에 끼고서
함께 이 길을 걷고 싶어 난
매일 매일 봐도 난 더 좋아져
두번 세번 나의 볼을 꼬집어 봐도
마치 Dreaming Dreaming
꿈을 꾸는 듯
생각만 해도 난 미소가
Mr. Chu
입술 위에 Chu
달콤하게 Chu
온몸에 난 힘이 풀려
내 맘 흔들 흔들어 날 흔들어놔요
I'm falling falling for your love
Hey you 입술 위에 Chu
Everyday with you
널 보면 내 눈이 감겨
몰래 살짝 다가와 또 키스해줄래
내 꿈결 같은 넌 나만의 Mr. Chu
부드러운 감촉 잊을 수 없어
화끈거리는 내 얼굴 빨개지는 걸
It's so lovely lovely
사랑스러워
난 네가 자꾸만 좋아져
Mr. Chu
입술 위에 Chu
달콤하게 Chu
온몸에 난 힘이 풀려
내 맘 흔들 흔들어 날 흔들어놔요
I'm falling falling for your love
Hey you 입술 위에 Chu
Everyday with you
널 보면 내 눈이 감겨
몰래 살짝 다가와 또 키스해줄래
내 꿈결 같은 넌 나만의
내 소원을 들어줘요
영원한 사랑 이뤄주길
짜릿짜릿한 느낌
절대 맘 변하지 않기
평생 나만 바라봐줘 baby
Mr. Chu
입술 위에 Chu
달콤하게 Chu
온몸에 난 힘이 풀려
내 맘 흔들 흔들어 날 흔들어놔요
I'm falling falling for your love
Hey you 입술 위에 Chu
Everyday with you
널 보면 내 눈이 감겨
몰래 살짝 다가와 또 키스해줄래
내 꿈결 같은 넌 나만의 Mr. Chu",https://cdnimg.melon.co.kr/cm/album/images/022/46/854/2246854_500.jpg/melon/resize/120/quality/80/optimize,Dance,Happy
Abracadabra,브라운아이드걸스,"Abracadabra

이러다 미쳐
내가 여리여리 착하던 그런 내가
너 때문에 돌아
내가 독한 나로 변해 내가
널 닮은 인형에다
주문을 또 걸어 내가
그녀와 찢어져 달라고 고
every night I`ll be with you
do you love her do you love her
매일 나의 꿈 속에
do you love me do you love me
bring bring 너를 내게 가져다 줘
뭐라도 난 하겠어 더한 것도 하겠어
빙빙 도는 나의 fantasy에
모든걸 걸겠어 널 내가 내가 갖겠어
못참아 더는
내가 이러다가 정신을 놓쳐 내가
도대체 왜 너란 애가
내 마음에 박혀 니가
찢겨진 사진에다
주문을 또 걸어 내가
그녀가 떨어져 달라고 고
every night I`ll be with you
do you love her do you love her
매일 나의 꿈 속에
do you love me do you love me
bring bring 너를 내게 가져다줘
뭐라도 난 하겠어 더한 것도 하겠어
빙빙 도는 나의 fantasy에
모든걸 걸겠어 널 내가 내가 갖겠어
I`m in the Voodoo lsland
널 되찾기 위한 plan
매일같이 이렇게 날 울린
널 향한 마지막 step
그녀의 손을 잡고
그녀와 입을 맞추고
그런 너를 상상조차 하기 싫어
이 주문에 염원을 실어
랄랄랄랄랄라 랄랄랄라
랄랄랄랄랄라 랄랄랄라
랄랄랄라 랄랄랄라
아브라카다브라 다 이뤄져라
Let`s go uh uhuhuh
ha hahaha
네게 주문을 걸어봐
I'm like a supervisor
널 통제하는 kaiser
내게서 벗어날 수 없어
bring bring 너를 내게 가져다줘
뭐라도 난 하겠어 더한것도 하겠어
빙빙 도는 나의 fantasy에
모든걸 걸겠어 널 내가 내가 갖겠어
이러다 미쳐 내가
여리여리 착하던 그런 내가
너 때문에 돌아
내가 독한 나로 변해 내가
cool한척 하는
내가 놀라워라 이런 내가
아닌척 널 만나러 가도 도",https://cdnimg.melon.co.kr/cm/album/images/006/03/751/603751_500.jpg/melon/resize/120/quality/80/optimize,Dance,Happy
잘못된 만남,김건모,"난 너를 믿었던 만큼
난 내 친구도 믿었기에
난 아무런 부담없이 널
내 친구에게 소개 시켜줬고
그런 만남이 있은 후로 부터
우리는 자주 함께 만나며
즐거운 시간을 보내며
함께 어울렸던 것뿐인데
그런 만남이 어디부터
잘못됐는지
난 알 수 없는 예감에
조금씩 빠져들고 있을때쯤
넌 나보다
내 친구에게 관심을 더 보이며
날 조금씩 멀리하던
그 어느날
너와 내가 심하게 다툰
그날 이후로
너와 내 친구는 연락도 없고
날 피하는 것같아
그제서야 난 느낀거야
모든것이 잘못돼 있는걸
너와 내 친구는
어느새 다정한 연인이 돼있었지
있을 수 없는 일이라며
난 울었어
내 사랑과 우정을 모두
버려야 했기에
또다른 내 친구는 내 어깰
두드리며
잊어버리라 했지만 잊지
못할것 같아
너를 사랑했던 것만큼
난 내 친구도 믿었기에
난 자연스럽게 너와 함께
어울렸던 것뿐인데
어디부터 우리의
믿음이 깨지기 시작했는지
난 알지도 못한채 어색함을
느끼면서
그렇게 함께 만나온
시간이 길어지면 질수록
넌 내게서
조금씩 멀어지는 것을 느끼며
난 예감을 했었지
넌 나보다 내 친구에게
관심이 더 있었다는 걸
그 어느날
너와 내가 심하게 다툰
그날 이후로
너와 내 친구는
연락도 없고 날 피하는 것같아
그제서야 난 느낀거야
모든것이 잘못돼 있는걸
너와 내 친구는
어느새 다정한 연인이 돼있었지
있을 수 없는 일이라며
난 울었어
내 사랑과 우정을 모두
버려야 했기에
또다른 내 친구는 내 어깰
두드리며
잊어버리라 했지만 잊지
못할것 같아",https://cdnimg.melon.co.kr/cm/album/images/000/03/707/3707_500.jpg/melon/resize/120/quality/80/optimize,Dance,Happy
파도,유엔,"눈이 부시게 아름답던 바다
나의 눈속엔
그 보다 더 고운 너였어
하얀 모래 위
너와 내가 남긴 추억들
파도가 떠나도
내겐 지워지지 않는걸
너를 보내고
나 또 다시 찾은 바닷가
하지만 이제 내곁에
다른 사람 있는걸
새롭게 시작하고 싶어
그녀를 따라 왔어
하지만 내 맘 네 모습만 생각이 나
그녀 머리에 쏟아진 별빛들
그 별빛아래 약속한
지난 날이 떠올라 워
흔들리는 나의 마음을
가눌 길 없는 내 눈빛
너와 비슷한
사람 마저 쫓고 있었어
Oh oh 그 순간 내 두 눈 속에
너무 익숙했던 너의 뒷모습
그렇게 그리던
지난날 바로 너였어
눈이 부시게 아름다운 바닷가
나의 눈 속엔 그보다 고운 너였어
하얀 내 맘에 지난날
우리가 남긴 추억들
파도가 안기듯
다시 네게 돌아 오는걸
나와 마주친 당황한 네 얼굴
하지만 너의 곁에도
다른 누가 있는걸 워
너를 안고싶은 내 가슴
널 붙잡고픈 내 손길
허나 넌 이미
나를 둔채 멀어져갔어
Oh 하지만 널 돌아본 순간
두 눈에 흐르던 네 눈물 때문에
꼭 나처럼 기다린
너란걸 알았어 날 봐
다시 너에게 달려가는 나를 봐
찌는 태양도
내 사랑을 가릴순 없어
하얀 모래 위
우리의 사랑을 다시 새겨봐
이제는 내 사랑
너를 놓지 않을 테니까",https://cdnimg.melon.co.kr/cm/album/images/000/33/475/33475_500.jpg/melon/resize/120/quality/80/optimize,Dance,Happy
LOVE ME RIGHT,EXO,"Oh Yeah C’mon
Take your time
왠지 두근대는 밤이야
Na Na Na Na
Na Na Na Na
So tonight
달 끝까지 달려가볼까
Yea Yea Yea Yea
Yea Yea Yea Yea
Just right
시동을 걸어 엑셀에 발을 올려
모든 것이 특별해
너와는 잘 어울려
무엇을 원하던
Imma make it work Yeah
Shawty
Imma party till the sun down
지금 이 신비로운 느낌은 뭘까
와줘 내게로 어서
Before the sun rise
네가 없는 난 어딜 가도 Nobody
Yeah 오
도로 위에 여긴 runway
날 바라보는 눈 속 milky way
Just love me right 아하
Baby love me right 아하
오 내게로 와 망설이지마
넌 매혹적인 나의 universe
Just love me right 아하
내 우주는 전부 너야
Just love me right
Just love me right
Just love me right
내 우주는 전부 너야
Shine a light
별빛 속을 달려 은하술 건너
Na Na Na Na
멈출 순 없어 오예
우릴 비추는 달빛은 여전하지
네 궤도 안 헤매고 있어 난 아직
I can do this all night long baby
네가 없는 난 어딜 가도
반쪽짜리니까
달빛 찬란한 밤 펼쳐진
별들의 불꽃놀이
좀 더 높이 날아가볼까 날아가볼까
가슴 터질듯한 이 순간
우리 둘만 떠올라
발 밑에 지구를 두고 love me right
도로 위에 여긴 runway
날 바라보는 눈 속 milky way
Just love me right 아하
Baby love me right 아하
So come on baby 눈이 부시게
더 아름다운 너의 universe
아름다운 lady
Just love me right 아하
내 우주는 전부 너야 오
Just love me right
Just love me right
Can you love me right
Just love me right
I just wanna make you love me
내 우주는 전부 너야
수 없는 밤이 찾아와도
내 하늘엔 오직 너만 빛나 Woo Yeah
속삭여줘 내게만
밤하늘을 너와 내가
물들여가
도로 위에 여긴 runway
날 바라보는 눈 속 milky way
Just love me right 아하
Baby love me right 아하
오 내게로 와 망설이지마
넌 매혹적인 나의 universe
Just love me right 아하
내 우주는 전부 너야
Just love me right Oh oh oh yeah
Just love me right
Just love me right 우리만의 시간
내 우주는 전부 너야
Just love me right
Just love me right
Just love me right
I just wanna make you love me
Yea Woo You got to love
Yea You got to love me
Yea
내 우주는 전부 너야
Yea You love me
Yea You love me
Yea
내 우주는 전부 너야",https://cdnimg.melon.co.kr/cm/album/images/023/21/827/2321827_500.jpg/melon/resize/120/quality/80/optimize,Dance,Happy
보여줄게,에일리(Ailee),"내가 사준 옷을 걸치고
내가 사준 향술 뿌리고
지금쯤 넌 그녈 만나
또 웃고 있겠지
그렇게 좋았던거니
날 버리고 떠날 만큼
얼마나 더 어떻게 더
잘해야 한거니
너를 아무리 지울래도
함께한 날이 얼마인데
지난 시간이 억울해서
자꾸 눈물이 흐르지만
보여줄게 완전히 달라진 나
보여줄게 훨씬 더 예뻐진 나
바보처럼 사랑때문에 떠난
너 때문에 울지 않을래
더 멋진 남잘 만나 꼭 보여줄게
너보다 행복한 나
너 없이도 슬프지 않아
무너지지않아
Boy you gotta be aware
산뜻하게 머릴 바꾸고
정성 들여 화장도 하고
하이힐에 짧은 치마
모두 날 돌아봐
우연히라도 널 만나면
눈이 부시게 웃어주며
놀란 니 모습 뒤로 한 채
또각또각 걸어가려해
보여줄게
완전히 달라진 나
보여줄게
훨씬 더 예뻐진 나
바보처럼 사랑때문에 떠난
너 때문에 울지 않을래
더 멋진 남잘 만나 꼭 보여줄게
너보다 행복한 나
너 없이도 슬프지 않아
무너지지 않아
Boy you gotta be aware
니가 줬던 반질 버리고
니가 썼던 편질 지우고
미련없이 후회없이 잊어줄거야
너를 잊을래 너를 지울래
보여줄게
완전히 달라진 나
보여줄게
훨씬 더 예뻐진 나
바보처럼 사랑때문에 떠난
너 때문에 울지 않을래
더 멋진 남잘 만나
꼭 보여줄게
너보다 행복한 나
너 없이도 슬프지 않아
무너지지 않아
Boy you gotta be aware",https://cdnimg.melon.co.kr/cm/album/images/021/53/251/2153251_500.jpg/melon/resize/120/quality/80/optimize,Dance,Happy
OOH-AHH하게,TWICE (트와이스),"모두 나를 가지고
매일 가만 안 두죠
내가 너무 예쁘죠
나 때문에 다 힘들죠
어딜 걷고 있어도
빨간 바닥인거죠
Red carpet 같은 기분
모두 날 쳐다 보죠 oh
어떤 사람은 어머님이 누구냐고
신선하게 말 걸어도
아무 느낌이 안 들죠
하지만 나도 누군가 하고 사랑에
빠져보고 싶어 Baby
잘 들어요 내 Boy
단 한번도 느껴본 적 없는 걸
알게 해주는
사람 기다리고 있는 걸
얼마가 돼도 기다리고 싶어
I just wanna fall in love
어떻게 내가 움직일 수 없게
날 Ooh Ahh Ooh Ahh
하게 만들어줘
가짜 가짜 진심 없는 가짜
잘 가 잘 가 Huh
OOH AHH하게
어떻게 이제 더 할말이 없게
날 Ooh Ahh Ooh Ahh
하게 만들어줘
Bla La La La 말만하지 말고
느껴지게 Huh
OOH AHH하게
날 봐 거봐 또 두 번 봐
한번 지나치고
등을 돌려 쳐다봐 TWICE
어딜 가더라도 항상 민 낯
하지만 내가 제일 빛나
낮은 신발 신어도 가치는 High
머릿속엔 늘 영화 속 같은 La La La
장면들이 지나가네
생각만해도 떨리네 Yeah
이제는 나도 누군가 하고 사랑에
빠져 보고 싶어 Baby
잘 들어요 내 Boy
단 한번도 느껴본 적 없는 걸
알게 해주는
사람 기다리고 있는 걸
얼마가 돼도 기다리고 싶어
I just wanna fall in love
어떻게 내가 움직일 수 없게
날 Ooh Ahh Ooh Ahh
하게 만들어줘
가짜 가짜 진심 없는 가짜
잘 가 잘 가 Huh
OOH AHH하게
어떻게 이제 더 할말이 없게
날 Ooh Ahh Ooh Ahh
하게 만들어줘
Bla La La La 말만하지 말고
느껴지게 Huh
OOH AHH하게
아무하고 만나 시작하기 싫어
쉽지 않은 여자 그게 나인걸
Let me see
How you gon treat me
I ain't no easy
Better think about it TWICE
Let me see
How you gon treat me
I ain't no easy
Better think about it TWICE
어떻게 내가 움직일 수 없게
날 Ooh Ahh Ooh Ahh
하게 만들어줘
가짜 가짜 진심 없는 가짜
잘 가 잘 가 Huh
OOH AHH하게
어떻게 이제 더 할말이 없게
날 Ooh Ahh Ooh Ahh
하게 만들어줘
Bla La La La 말만하지 말고
느껴지게 Huh
OOH AHH하게
OOH AHH하게",https://cdnimg.melon.co.kr/cm/album/images/026/45/617/2645617_500.jpg/melon/resize/120/quality/80/optimize,Dance,Happy
No.1,보아 (BoA),"어둠속에 니 얼굴 보다가

나도 몰래 눈물이 흘렀어

소리 없이 날 따라오며 비춘건

Finally 날 알고 감싸 준거니

처음 내 사랑 비춰 주던 넌

나의 이별까지 본거야

You're still my No.1

날 찾지 말아줘 나의 슬픔 가려줘

저 구름 뒤에 너를 숨겨 빛을 닫아줘(닫아줘)

그를 아는 이 길이 내 눈물 모르게

변한 그를 욕하진 말아줘

니 얼굴도 조금씩 변하니까

But I miss you 널잊을 수 있을까

(Want you back in my life, I want you back in my life)

나의 사랑도 지난 추억도 모두 다 사라져 가지만

You're still my No.1

보름이 지나면 작아지는 슬픈 빛

날 대신해서 그의 길을 배웅 해 줄래(해줄래)

못다 전한 내 사랑 나처럼 비춰줘



가끔 잠든 나의 창에 찾아와 그의 안불 전해 줄래

나 꿈결 속에서 따뜻한 그의 손

느낄 수 있도록

huh~ doo doo doo~

하지만 오늘밤 날 찾지 말아줘

나의 슬픔 가려줘

저 구름뒤에 너를 숨겨 빛을 닫아줘(닫아줘)

그를 아는 이 길이 내 눈물 모르게

보름이 지나면 작아 지는 슬픈 빛

날 대신해서 그의 길을 배웅 해줄래(해줄래)

못다 전한 내 사랑

You're still my No.1 (you're still my No1)",https://cdnimg.melon.co.kr/cm/album/images/000/16/305/16305_500.jpg/melon/resize/120/quality/80/optimize,Dance,Happy
촛불하나,god,"세상엔 우리들 보다 가지지 못한
어려운 친구들이 많습니다
지금도 힘들어하고 있을 그 친구들을 위해
이 노래를 부릅니다
힘내라 얘들아 ! 

왜 이렇게 사는게 힘들기만 한지
누가 인생이 아름답다고 말한건지
태어났을 때부터 삶이 내게 준 건
끝없이 이겨내야 했던 고난들 뿐인걸
그럴때마다 나는 거울 속에 나에게 물어봤지
뭘 잘못했지 도대체 내가 무얼 잘못했길래
내게만이래 달라질 것 같지 않아
내일 또 모레

하지만 그러면 안돼 주저앉으면 안돼
세상이 주는대로 그저 주어진 대로
이렇게 불공평한 세상이 주는대로
그저 받기만 하면 모든 것은 그대로
싸울텐가 포기할텐가
주어진 운명에 굴복하고 말텐가
세상 앞에 고개 숙이지마라 기죽지 마라
그리고 우릴 봐라

지치고 힘들 땐 내게 기대
언제나 네 곁에 서 있을게
혼자라는 생각이 들지않게
내가 너의 손잡아 줄게

너무 어두워 길이 보이지 않아
내게 있는건 성냥 하나와 촛불 하나
이 작은 촛불 하나 가지고 무얼 하나
촛불 하나 켠다고 어둠이 달아나나

저 멀리 보이는 화려한 불빛
어둠속에서 발버둥치는 나의 이 몸짓
빛을향해서 저 빛을 향해서
날고싶어도 날 수 없는 나의 날개짓

하지만 그렇지 않아
작은 촛불하나 켜보면
달라지는게 너무나도 많아
아무것도 없다고 믿었던 내 주위에
또 다른 초 하나가 놓여져 있었기에
불을 밝히니 촛불이 두 개가 되고
그 불빛으로 다른 초를 또 찾고
세 개가 되고 네 개가 되고
어둠은 사라져가고

지치고 힘들 땐 내게 기대
언제나 네 곁에 서 있을게
혼자라는 생각이 들지 않게
내가 너의 손잡아 줄게

기억하니
아버님없이 마침내 우리는 해냈어
그건 바로 나의 어릴 적 얘기였어
사실이었어 참 힘들었어
하지만 거기서 난 포기하지 않았어
꿈을 잃지 않고 용기를 잃지 않고
계속 노력하다 보니 결국 여기까지 왔고
이제 너희들에게 말을 해주고 싶어
너희도 할 수 있어

지치고 힘들 땐 내게 기대
언제나 네 곁에 서 있을게
혼자라는 생각이 들지 않게
내가 너의 손잡아 줄게

지치고 힘들 땐 내게 기대
언제나 네 곁에 서 있을게
혼자라는 생각이 들지 않게
내가 너의 손잡아 줄게

지치고 힘들 땐 내게 기대
언제나 네 곁에 서 있을게
혼자라는 생각이 들지 않게
내가 너의 손잡아 줄게 -",https://cdnimg.melon.co.kr/cm/album/images/000/00/717/717_500.jpg/melon/resize/120/quality/80/optimize,Dance,Happy
STEP,카라,"Step it up now 오 오 오
라라라라라라라라라라라라라라
라라라라라라라라라라라라라라
넘어지진 않을거야 슬픔아 안녕
친해지지 않을거야 눈물아 안녕
자신을 믿는거야 한숨은 그만
이깟 고민쯤은 웃으며 bye bye
또 한번 더 배웠어
I will never forget about U ye
커졌어 난 강하게 더 높게
오 예 예 예 예
Step it up step it up
다시 시작이야
또 템포를 올려서 앞질러 갈래
Just step it up step it up
다 보란듯이
크게 볼륨 높여 baby my bebe
라라라라라라라라라라라라라라
라라라라라라라라라라라라라라
내일은 새로울꺼야 기대를 높여
그게 사는 재미같아 근심은 날려
누구나 같을꺼야 기 죽지 않아
작은 걱정쯤은 웃으며 bye bye
난 강하게 더 높게
오 예 예 예 예
Step it up step it up
다시 시작이야
또 템포를 올려서 앞질러 갈래
Just step it up step it up
다 보란듯이
크게 볼륨 높여 baby my bebe
내 인생에 섣불리 get louder
나 좋으라고 그랬겠어 그랬겠어
one two one two step
모두 박자에 맞게
겁 낼 필요 없어 아니 울 것 없어
모두 같이 함께해
어지럽게 왜 쓸데없는 생각해
그러지 말고 우리 모두 다
Step it up now
절대 난 돌아보지 않겠어
앞만 보기도 시간은 짧아
Step it up step it up
다시 시작이야
또 템포를 올려서 앞질러 갈래
Just step it up step it up
다 보란듯이
크게 볼륨 높여 baby my bebe
Step it up step it up
왜 섣불리 get louder
또 템포를 올려서
괜히 그랬겠어 그랬겠어
Just step it up step it up
다 보란듯이
크게 볼륨 높여 baby my bebe
라라라라라라라라라라라라라라
라라라라라라라라라라라라라라",https://cdnimg.melon.co.kr/cm/album/images/020/09/327/2009327_500.jpg/melon/resize/120/quality/80/optimize,Dance,Happy
U-Go-Girl (With 낯선),이효리,"Hey girl
It's the princess LEE HYO REE
She's Back Yeah
2008 You ready
Hey girl
Girl girl Hey u go girl
De le De le
that that that girl
Girl girl Hey u go girl
Baby baby baby baby girl
Say what
오늘은 또 어떤 옷을 입어야할지
머리는 또 어떻게 만져야 좋을지
이건 어떠니 또 저건 어떠니
고민 고민하지마 Girl
오늘은 또 어떤 말을 해야하는지
어떻게 내 마음을 전해야 좋을지
이건 어떠니 또 저건 어떠니
고민 고민하지마 Girl
Girl hey U go girl
De le De le
that that that girl
Girl hey U go girl
Baby baby baby baby girl
이제부터 솔직하게
이제부터 당당하게
너의 맘을 보여줘
바로 이 순간
지금 이 순간 tonight
가끔씩은 달콤하게
가끔씩은 강렬하게
너의 맘을 보여줘
바로 이 순간
지금 이 순간 tonight
Girl girl Hey u go girl
De le De le
that that that girl
Girl girl Hey u go girl
Baby baby baby baby girl
오늘은 또 어쩐 일로
나를 부르지
혹시나 또 무슨 일이 생긴건지
이걸 어쩌지 또 저걸 어쩌지
고민 고민하지마 Girl
그 사람도 좋아할까 마음 졸이며
주머니 속 작은 동전 하나 꺼내서
앞면이 나올지 뒷면이 나올지
고민 고민하지마 Girl
Girl hey U go girl
De le De le
that that that girl
Girl hey U go girl
Baby baby baby baby girl
이제부터 솔직하게
이제부터 당당하게
너의 맘을 보여줘
바로 이 순간
지금 이 순간 tonight
가끔씩은 달콤하게
가끔씩은 강렬하게
너의 맘을 보여줘
바로 이 순간
지금 이 순간 tonight
Crazy night
Dance All Night
Let Me Take U Home Tonight
It's allright
Hey girl party tonight
Crazy night
Dance All Night
Let Me Take U Home Tonight
It's allright
Hey girl party tonight
Girl girl Hey u go girl
De le De le
that that that girl
Girl girl Hey u go girl
Baby baby baby baby girl
Girl girl Hey u go girl
De le De le
that that that girl
Girl girl Hey u go girl
Baby baby baby baby girl
I like that that that girl
and Let Me SeeYa bring it
back back back girl
OK I like that that that girl
and Let Me SeeYa bring it
back back back girl
One more time baby
I like that that that girl
and Let Me SeeYa bring it
back back back girl
OK I like that that that girl
and Let Me SeeYa bring it
back back back girl
Girl",https://cdnimg.melon.co.kr/cm/album/images/003/89/651/389651_500.jpg/melon/resize/120/quality/80/optimize,Dance,Happy
그녀와의 이별,김현정,"이제 우리 정말 끝난거야
니가 다시 확인시켜줬지
그럴 필요까진 없었는데
마지막 자존심까지 무너졌어
나를 만나기전 헤어졌던
예전의 그녀에게서
너를 떠나달란 말을 듣게 했어
미안하단 말과 함께
믿지 않았어 그녀의
일방적인 얘기들
나를 속이며 그동안
만나왔단 얘기도
너를 사랑한 그녀의
거짓말이었기를
비참하게 난 끝까지
어리석게 널 믿어 버렸어
하지만 나의 마지막 기대마저도
모두 무너진 거야 술취해
또 다시 너를 찾아가
그녈 안아주는 너를 보았어
지금 내눈에 흐른 눈물은
너도 모른척 해줘
남겨진 미련도 없지만 모두
니가 가져 버려
며칠이 지났어 널 잊은줄 알았어
그런데 지금 니가 돌아오길
바라는 내가 미울뿐야
믿지 않았어 그녀의
일방적인 얘기들
나를 속이며 그동안
만나왔단 얘기도
너를 사랑한 그녀의
거짓말이었기를
비참하게 난 끝까지
어리석게 널 믿어 버렸어
하지만 나의 마지막 기대마저도
모두 무너진 거야 술취해
또 다시 너를 찾아가
그녈 안아주는 너를 보았어
지금 내눈에 흐른 눈물은
너도 모른척 해줘
남겨진 미련도 없지만 모두
니가 가져 버려
며칠이 지났어 널 잊은줄 알았어
그런데 지금 니가 돌아오길
바라는 내가 미울뿐야",https://cdnimg.melon.co.kr/cm/album/images/000/03/014/3014_500.jpg/melon/resize/120/quality/80/optimize,Dance,Happy
실연,코요태,"너 떠난후
많이 울었어
혼자가
되어버렸어
나 다시는 널 볼 수
없게 된거니
딴 사람을
만나다보면
쉽게 널
잊을거라던
내 단순했던
생각이 틀린거야
나만을 사랑한다 했잖아
너만 바라보게 했잖아
넌 나를 떠나정말
괜찮은거니
가끔씩 외로움에 취해서
너를 많이 원망했었어
날 버린 니가
너무 너무 미웠어
이대로 날
떠나면 안돼
제발 포기하지
말아줘
널 사랑할때
가장 행복했었어
Get ready Gdouble O
goo's on to go
Ay Yo Yo three four
four here we go
잊혀져 가고 고 고
너를 믿었고 고
너를 보고만 있을때면
난 uh 행복했지만
You're on my mind
baby all the time
But I found myself
that can't deny
Now I didn't want
to say goodbye bye
너의 모습
멀어져만 가 가
죽어야만 헤어진 다고
그렇게 맹세한 니가
왜 내가슴에
눈물이 돼야 했니
나만을 사랑한다 했잖아
너만 바라보게 했잖아
넌 나를 떠나정말
괜찮은거니
가끔씩 외로움에 취해서
너를 많이 원망했었어
날 버린 니가
너무 너무 미웠어
이대로 날
떠나면 안돼
제발 포기하지
말아줘
널 사랑할때
가장 행복했었어",https://cdnimg.melon.co.kr/cm/album/images/000/04/937/4937_500.jpg/melon/resize/120/quality/80/optimize,Dance,Happy
So Hot,원더걸스,"왜 자꾸 쳐다보니 왜
내가 그렇게 예쁘니
아무리 그렇다고 그렇게
쳐다보면
내가 좀 쑥스럽잖니
내가 지나갈 때 마다
고갤 돌리는 남자들
뒤에서 느껴지는 뜨거운
시선들
어떻게 하면 좋을지
I'm so hot
난 너무 예뻐요
I'm so fine
난 너무 매력있어
I'm so cool
난 너무 멋져
I'm so so so hot hot
언제나 나를 향한 눈길들이
항상 따라오는 이 남자들이
익숙해 질 때도 된 것 같은데
왜 아직 부담 스러운지
조용히 살고 싶은데
다른 여자애들처럼
엄마는 왜 날 이렇게 낳아놔서
내 삶을 피곤하게 하는지
I'm so hot
난 너무 예뻐요
I'm so fine
난 너무 매력있어
I'm so cool
난 너무 멋져
I'm so so so hot hot
I'm so hot
난 너무 예뻐요
I'm so fine
난 너무 매력있어
I'm so cool
난 너무 멋져
I'm so so so hot hot
Everybody Watching me
Cause I'm hot hot
Everybody Wanting me
Cause I'm hot hot
언제나 어디서나
날 따라 다니는 이
스포트 라이트
어딜가나 쫓아오지
식당 길거리 카페 나이트
도대체 얼마나 나일 들어야
이 놈의 인기는
사그러들지 원
섹시한 내눈은 고소영
아름다운 내 다린 좀 하지원
어쩌면 좋아
모두 나를 좋아 하는 것 같애
oh no please leave me alone
all the boys be loving me
girls be hating me
they will never stop
Cause they know I'm so hot hot
I'm so hot
난 너무 예뻐요
I'm so fine
난 너무 매력있어
I'm so cool
난 너무 멋져
I'm so so so hot hot",https://cdnimg.melon.co.kr/cm/album/images/003/81/932/381932_500.jpg/melon/resize/120/quality/80/optimize,Dance,Happy
심쿵해 (Heart Attack),AOA,"A ye Brave sound
And it goes a little something like this
완전 반해 반해 버렸어요
부드러운 목소리에
반해 반해 버렸어요
난 떨려
AOA Let's Go
내가 미쳤나 봐 왜 또 이러지
내 마음 열여덟 소녀 마냥
막 쿵쿵대
숨길 수 없나 봐 난 매일 이러지
눈이라도 마주치면
귀까지 확 빨개져
이해 못해
네가 걔를 못 봐서 그래
딱 첫눈에 확 반해 버린다는 말에
그 마음 이해 가더라
나도 좀 알겠더라
널 처음 본 그 순간
완전 반해 반해 버렸어요
넓은 어깨 날렵한 눈매에
부드러운 목소리에
반해 반해 버렸어요
너의 얇고 긴 손가락만 봐도
난 떨려
어머나 자꾸만 심쿵해
널 보면 볼수록
가슴이 쿵쿵대 나도 모르겠어
심쿵해 나 어쩌면 좋아
자꾸만 네 품에
꼭 안기고 싶어 baby
어쩌다 눈이라도 마주치면
난 심쿵 거려
너의 작은 관심이라도 받을까
아등바등 거려
너는 대체 걔가 뭐가 그리 좋아
라고 묻는 친구들에게 말해
야 모르면 말을 말어
이해 못해 네가 걔를 못 봐서 그래
딱 첫눈에 확 반해 버린다는 말에
그 마음 이해 가더라
나도 좀 알겠더라
널 처음 본 그 순간
완전 반해 반해 버렸어요
넓은 어깨 날렵한 눈매에
부드러운 목소리에
반해 반해 버렸어요
너의 얇고 긴 손가락만 봐도
난 떨려
어머나 자꾸만 심쿵해
널 보면 볼수록
가슴이 쿵쿵대 나도 모르겠어
심쿵해 나 어쩌면 좋아
자꾸만 네 품에
꼭 안기고 싶어 baby
오 나의 왕자님 어디를 보나요
바로 여기 내가 있는데요
너무나 멋진 그대
난 그대 하나면 돼
난 그대 없이 못 살아요
완전 반해 반해 버렸어요
부드러운 목소리에
반해 반해 버렸어요
난 떨려
어머나 자꾸만 심쿵해
Everybody say What AOA
쿵쿵대
And it goes a little something like this
심쿵해
한번 더 say What AOA
네 품에 꼭 안기고 싶어 baby",https://cdnimg.melon.co.kr/cm/album/images/023/25/321/2325321_500.jpg/melon/resize/120/quality/80/optimize,Dance,Happy
3!4!,룰라,"여기 숨쉬는 이 시간은
나를 어데로 데려갈까
많은 기쁨과 한숨들이
뒤섞인 이 곳에서
3 4
랄랄랄라랄랄라라라
랄랄라랄라라라라라
랄랄랄라라랄라라라
랄라랄라 라랄라
그대와 우리 모두 기쁜
미래를 향해
랄랄랄라랄 랄라라라
랄랄라랄라라라라라
라랄라 랄라랄라라 랄라라라라
나 그대 우리 모두
내가 힘들던 그 모든 기억이
아직 남아 있는 가슴에
따뜻하게 피어나는 느낌이 있어
내가 바라는 그 모든 꿈들이
전부 이뤄질 수 없어도
가장 넓고 깊은 사랑
지금 내 안에 있어
나의 이 마음 영원히 갖고 싶어
모두 함께 나누며 3 4
여기 숨쉬는 이 시간은
나를 어데로 데려갈까
많은 기쁨과 한숨들이
뒤섞인 이 곳에서
그대와 우리 모두 기쁜
미래를 향해
사랑만으로 늘 가득한
그런 내일로 가고 싶어
서로가 함께 영원히 행복하도록
나 그대 우리 모두
아아파한 시간만큼 기쁨을
만들어가요
나의 그 모든 눈물들 만큼
사랑을 만들어가요
Big up Big up
모두 서로 아껴주는
마음을 기억하며
우리가 만들어가요 3 4
여기 숨쉬는 이 시간은
나를 어데로 데려갈까
많은 기쁨과 한숨들이
뒤섞인 이곳에서
그대와 우리모두 기쁜
미래를 향해
사랑만으로 늘 가득한
그런 내일로 가고싶어
서로가 함께 영원히 행복하도록
나 그대 우리 모두
거친 파도의 바다처럼
때론 아픔도 왔었지만
슬픈 바다를 감싸주던
넌 하늘과 같았어
사랑만으로 늘 가득한
밝은 미래로 가고싶어
서로가 함께 영원히 행복하도록
나 그대 우리 모두
모두가 함께 여기서 만들어 가요
나 그대 우리 모두",https://cdnimg.melon.co.kr/cm/album/images/000/05/349/5349_500.jpg/melon/resize/120/quality/80/optimize,Dance,Happy
Diva,애프터스쿨,"I love my boy
Woo yeah
I love my boy
I love you ma boy
I love my boy
do do ro doro doro
I love my boy
I love you ma boy
Everybody scream
오늘밤 매일밤 자꾸만 네 생각만
나는 그대의 Diva di di diva
오늘밤 매일밤 짜릿짜릿한 이 순간
나는 그대의 Diva di di diva
자꾸만 네 생각이 나
너의 달콤한 향기
아무렇지 않은 척
난 네게 빠져버렸어
차갑게 말을 한대도
나는 멈출 수 없어
날 바라본다고 약속해 내게
I got 니 맘을 열 수 있는
Master key
넌 나의 Masterpiece
둘이 같이 마치 환상의 Tag team
You know we are destiny
사랑은 불 타 After this
너무나 달콤한 속삭임
짜릿짜릿한 Kiss so sweet
Boy U're my favorite
오늘밤 매일밤 자꾸만 네 생각만
나는 그대의 Diva di di diva
오늘밤 매일밤 짜릿짜릿한 이 순간
나는 그대의 Diva di di diva
just tell me what you wanna do
내 맘을 가져가라고
I don't wanna let you go
넌 나만 바라보라고
I just wanna get it done
사랑을 말 할 거라고
아파도 좋아
네가 없이는
살 수가 없는데 난
I got big plan 4 U luv 4 U
I don't give a damn what people
say
우리 사랑이 중요해
No matter what U're ma man
자꾸만 점점 난 번져
L O V E 사랑이란 감정
U're so perfect 넌 내게 만점
Come 2 me 내게 다가와줘
오늘밤 매일밤 자꾸만 네 생각만
나는 그대의 Diva di di diva
오늘밤 매일밤 짜릿짜릿한 이 순간
나는 그대의 Diva di di diva
오늘밤 네 곁에서 잠들고만 싶어
이런게 사랑일까 자꾸만 떨려
따뜻한 너의 품에 안기고만 싶어
나 이제 어떡해 너에게 빠졌나봐
오늘밤 매일밤 자꾸만 네 생각만
나는 그대의 Diva di di diva
오늘밤 매일밤 짜릿짜릿한 이 순간
나는 그대의 Diva di di diva
오늘밤 매일밤 자꾸만 네 생각만
나는 그대의 Diva di di diva
오늘밤 매일밤 짜릿짜릿한 이 순간
나는 그대의 Diva di di diva
나나나나나나 나나나나나
나나나나나나 나나나나나
Diva di di diva",https://cdnimg.melon.co.kr/cm/album/images/005/37/052/537052_500.jpg/melon/resize/120/quality/80/optimize,Dance,Happy
Lion Heart,소녀시대 (GIRLS' GENERATION),"Oooh 너와 나 첨 만났을 때
Oooh 마치 사자처럼 맴돌다
기회를 노려 내 맘 뺏은 너
Ah 넌 달라진 게 없어 여전해
난 애가 타고 또 타
사냥감 찾아 한 눈 파는 너
수백 번 밀어내야 했는데
수천 번 널 떠나야 했는데
Tell me why
왜 맘이 맘이 자꾸 흔들리니
난 여기 여기 네 옆에 있잖니
정신 차려 Lion heart
난 애가 타
내 맘이 맘이 더는 식지 않게
난 여기저기 뛰노는 너의 맘
길들일래 Lion heart
OhOhOh OhOhOhOhOh
OhOhOh OhOhOhOhOh
Oooh 넌 자유로운 영혼 여전해
충실해 본능 앞에
지금 네 옆에 난 안 보이니
수백 번 고민 고민해봐도
수천 번 결국 답은 너인데
Tell me why
왜 맘이 맘이 자꾸 흔들리니
난 여기 여기 네 옆에 있잖니
정신 차려 Lion heart
난 애가 타
내 맘이 맘이 더는 식지 않게
난 여기저기 뛰노는 너의 맘
길들일래 Lion heart
OhOhOh OhOhOhOhOh
곤히 잠자는 나의 코끝을 Baby
OhOhOh OhOhOhOhOh
네가 건드려 나도 화가 나 Baby
Tell me why
왜 맘이 맘이 자꾸 흔들리니
난 여기 여기 네 옆에 있잖니
정신 차려 Lion heart
난 애가 타
내 맘이 맘이 더는 식지 않게
난 여기저기 뛰노는 너의 맘
길들일래 Lion heart
Ladies y’all know
what I’m talking about right
Yeah
모두 다 아니라 해도
좋을 때 있지 않아
사실 나만 좋음 됐지 뭐
바람보다 빠른 눈치로
맘은 뜨겁게
햇살처럼 따뜻한 말로
머린 차갑게
길들일래 너의 Lion heart
사자 같은 너의 Lion heart
Lalala Lalalalala
여기 와서 앉아
Lalala Lalalalala
내 곁에만 있어
Lalala Lalalalala
한 눈 팔지 말아
Lion heart",https://cdnimg.melon.co.kr/cm/album/images/023/35/204/2335204_500.jpg/melon/resize/120/quality/80/optimize,Dance,Happy
Poison,엄정화,"널 뒤로한채 그냥 걸었어
미안해 하는 널 위해
참아온 눈물 보이기 싫어
나 먼저 일어선거야
오늘이 올 줄 알고 있었어
우리 사랑 끝나는 날
잘못된 우릴 하늘이
분명 용서할리 없으니까
그녀에게 미안하다고 전해줘
그녀의 행복을 내가 가졌으니
다신 이런 아픔을 남기지는마
나 하나로만 된거야
모두를 속여가며 사랑한
넌 더 힘들었니
이젠 꿈에서라도 나를 찾지마
난 니안에 없는거야
이대로 나를 잊고
돌아가 그녀품으로
내품에 안겨 울던 모습도
날 위한 연극이었니
너의 사랑은 나뿐이라고
그 말을 믿었었는데
사랑스런 미소와 따스한 눈길
이제는 그녀와 함께 나누겠지
다신 이런 아픔을 남기지는마
나 하나로만 된거야
모두를 속여가며 사랑한
넌 더 힘들었니
이젠 꿈에서라도 나를 찾지마
난 니안에 없는거야
이대로 나를 잊고
돌아가 그녀품으로
그래 누구나 한 사람만을
사랑해야 하는걸
이제 넌 그걸 잊지 말아줘",https://cdnimg.melon.co.kr/cm/album/images/000/04/311/4311_500.jpg/melon/resize/120/quality/80/optimize,Dance,Happy
UGLY,2NE1,"밝게 웃어보지만
내 맘에 들지 않아
난 예쁘지 않아 아름답지 않아
Oh oh oh oh
Oh oh oh oh
노랠 불러보지만
아무도 듣지 않아
난 예쁘지 않아 아름답지 않아
Oh oh oh oh
Oh oh oh oh
난 왜 이렇게 못난 걸까
어떡하면 나도 너처럼 환하게
웃어볼 수 있을까
또 화가나 왜 늘 완벽하지 못해
이 깨진 거울 속 못난 모습을 향해
탓하기만 해
쳐다보지마 지금 이 느낌이 싫어 난
어디론가 숨고만 싶어
벗어 나고 싶어
이 세상은 거짓말
I think I’m ugly
And nobody wants to love me
Just like her I wanna be pretty
I wanna be pretty
Don’t lie to my face tellin’
me I’m pretty
I think I’m ugly
And nobody wants to love me
Just like her I wanna be pretty
I wanna be pretty
Don’t lie to my face cuz I know
I’m ugly
날 쉽게 이해한다고 하지마
못 생기고 삐뚤어진 내 마음이 널
원망할지도 몰라
말 시키지마 난 너와 어울리지 못해
그 잘난 눈빛 속 차가운 가식이 날
숨막히게 해
다가오지마 너의 관심조차 싫어 난
어디론가 떠나고 싶어 소리 치고
싶어
이 세상은 거짓말
I think I’m ugly
And nobody wants to love me
Just like her I wanna be pretty
I wanna be pretty
Don’t lie to my face tellin’
me I’m pretty
I think I’m ugly
And nobody wants to love me
Just like her I wanna be pretty
I wanna be pretty
Don’t lie to my face cuz I know
I’m ugly
All alone
I’m all alone
I’m all alone
따뜻함이란 없어
곁엔 아무도 없어
All alone I’m all alone
All alone I’m all alone
I’m always all alone
따뜻함이란 없어
곁엔 그 누구도 날 안아줄 사람 없어
I think I’m ugly
And nobody wants to love me
Just like her I wanna be pretty
I wanna be pretty
Don’t lie to my face tellin’
me I’m pretty
I think I’m ugly
And nobody wants to love me
Just like her I wanna be pretty
I wanna be pretty
Don’t lie to my face cuz I know
I’m ugly",https://cdnimg.melon.co.kr/cm/album/images/013/56/152/1356152_500.jpg/melon/resize/120/quality/80/optimize,Dance,Happy
